Workbook

Sheet Plan de cordes et filage
A1: Plan de cordes du Piano, calcul automatique des sollicitations et des diamètres des cordes basses filées, par Ing. ViGA-FR
A2: Piano : | B2: The Weber AEOLIAN Company New York - Duo Art, cadre 5F, FR6’ 183cm (équivalent 170cm) SN=73211 1918 | U2: Calcul des cordes filées
B3: (marque modèle longueur numéro-de-série année-de-fabrication)
A4: 440 | B4: Hz | C4: Diapason LA3/A4
C5: calcule selon la charge de rupture (CR) mesurée voir tableau de CR
A6: 1 | C6: 1 = calcule en tenant compte de l’augmentation de fréquence des aiguës pour contrer l’inharmonicité | AE6: coef intervalle tempéré
C7: ="Cordes acier par : "&AC61 & ", cordes basses filées de "&Paramètres!D8 -> Cordes acier par : Stephen Paulello France, cordes basses filées de cuivre | O7: tension moyenne par corde | P7: =P8/G8 -> 718.33614 | U7: ="Diamètre fil de trait "&Paramètres!D8 -> Diamètre fil de trait cuivre | AE7: =(AG61/AG49)^(1/12) -> 1.0594871 | AF7: =$AE46*AG$9*SQRT(1+$G46*AG$9^2) -> 369.82191
G8: =SUM(G13:G115) -> 228 | O8: tension totale en Newtons | P8: =SUM(P13:P115) -> 163780.64 | U8: Trait simple | X8: Trait double d2=2*d1 | AE8: inverse | AG8: fréquence réelle octave juste
A9: Fréquence (Hz) | B9: Nom note | C9: Note | D9: Longueur Vibrante (mm) | E9: Ø âme (mm) | F9: Ø total (mm) | G9: Nb cordes | H9: acier type | I9: Sollicitation corde | J9: Alerte Sollicitation | K9: Variation de masse note | L9: coefficient d'inharmonicité B âme | M9: Inharmonicité âme octave, % 1/2 ton | N9: Inharmonicité âme octave % | O9: Tension corde en Newtons | P9: Tension note en Newtons | Q9: Sollicitation voulue | R9: Tension corde voulue | S9: Ø total (mm) | T9: Ø total arrondi | U9: Ø en place (mm) | V9: Ø avant déformation (mm) | W9: Alerte fil de trait trop fin | X9: Ø en place d1 (mm) | Y9: Ø d1 avant déformation (mm) | Z9: Ø d2 avant déformation (mm) | AC9: Fabricant corde acier | AD9: Fréquence parfaite (Hz) | AE9: F | AF9: 2 | AG9: 1 | AH9: fréquence aiguë modifié par inharmonicité | AI9: fréquence modifié par inharmonicité | AJ9: Diamètre total (mm) | AK9: Tension Statique corde en Newtons | AL9: Tension Statique note en Newtons | AM9: Sollicitation statique âme seule | AN9: Diamètre du fil de trait cuivre avant déformation (mm) | AO9: S min | AP9: S max | AQ9: Ctrl tension entre limites | AR9: index | AS9: cherche CR réelle | AT9: CRP réf | AU9: Tension dynamique corde filée | AV9: Diamètre fil de trait bi d1 avant déformation (mm) | AW9: diamètre corde pleine équivalente corde filée | AX9: tension statique voulue | AY9: diamètre acier idéal | AZ9: coef masseV | BA9: Var masseV % | BB9: Inharmonicité âme octave, Jean Louchet | BC9: H | BD9: Inharmonicité âme partiel H | BE9: Inharmonicité corde filée Fletcher | BF9: coefficient d'inharmonicité B | BG9: fréq longitudinale H1
A10: min graphiques | C10: limite | K10: -0.2 | O10: 0
A11: Max graphiques | C11: limite | K11: 0.8 | M11: 0.8 | O11: 1000
A13: =IF(ISBLANK(D13),"-",IF(AND($A$6,$A$4/2<AD13),AG13,AD13)) -> 27.5 | B13: =IF(ISBLANK(D13),"",VLOOKUP(MOD(C13-Paramètres!$B$54,12)+1,Paramètres!$B$40:$C$52,2)&" "&(TRUNC((C13-Paramètres!$B$54+120)/12)-10+1)) -> La -1 | C13: 1 | D13: 1177 | E13: 1 | F13: 6 | G13: 1 | H13: SP-M | I13: =IF(ISBLANK(D13),"",IF(F13>0,AU13/AT13,AM13)) -> 0.60714071 | J13: =IF(ISBLANK(D13),"",IF(AQ13,"","]"&AO13&" -- "&AP13&"[")) | L13: =IF(ISBLANK(D13),"",IF(F13>0,BF13,BF13)) -> 8.4451683e-05 | M13: =IF(ISBLANK(D13),"",IF(F13>0,"-",N13/(2^(1/12)-1))) -> - | N13: =IF(ISBLANK(D13),"",IF(F13>0,"-",1.5*L13)) -> - | O13: =IF(ISBLANK(D13),"",IF(F13>0,AU13,AK13)) -> 836.48812 | P13: =IF(ISBLANK(D13),"",IF(F13>0,AU13*G13,AL13)) -> 836.48812 | Q13: 0.6 | R13: =IF(ISBLANK(D13),"",AT13*Q13) -> 826.65 | S13: =IF(ISBLANK(D13),"",AJ13) -> 5.9644981 | T13: =IF(ISBLANK(F13),"",ROUND(S13*10*G13,0)/10/G13) -> 6 | U13: =IF(F13>0,(AJ13-E13)/2,"") -> 2.4822491 | V13: =IF(F13>0,AN13,"") -> 2.8410767 | W13: =IF(F13>0,IF(U13<Paramètres!$B$5,"!!!",""),"") | X13: =IF(U13<>"",IF(U13/3>=Paramètres!$B$5,(S13-E13)/2/3,""),"") -> 0.82741635 | Y13: =IF(U13<>"",IF(U13/3>=Paramètres!$B$5,AV13,""),"") -> 0.90850315 | Z13: =IF(X13<>"",Y13*2,"") -> 1.8170063 | AC13: =INDEX('Charge de rupture par diamètre'!$C$1:$AC$1,AR13) -> Stephen Paulello France | AD13: =IF(ISBLANK(D13),"-",$A$4/16 * 2^((C13-1)/12)) -> 27.5 | AE13: =AF13/(AF$9*SQRT(1+$L13*AF$9^2)) -> 82.425444 | AF13: =AG25 -> 164.87873 | AG13: =$AE13*AG$9*SQRT(1+$G13*AG$9^2) -> 116.56718 | AH13: =AD13 -> 27.5 | AI13: =IF(AND(C13>12,F1="",AD13>$A$4),AH1*2*(1+N1),IF(AD13>=$A$4/2,AD13,AH25/2/(1+N13))) -> #VALUE! | AJ13: =IF(Q13>0,((R13*10^12/PI()/A13^2/D13^2-Paramètres!$B$7*E13^2)*4/PI()/Paramètres!$B$8+E13^2)^0.5,"") -> 5.9644981 | AK13: =PI()*Paramètres!$B$7*(E13*A13*D13)^2/10^12 -> 25.836748 | AL13: =AK13*G13 -> 25.836748 | AM13: =AK13/AT13 -> 0.018752856 | AN13: =(-E13+0.1*Paramètres!$B$7/E13/Paramètres!$B$8/PI()*(AW13^2-E13^2)+(E13^2+3.8*Paramètres!$B$7/Paramètres!$B$8/PI()*(AW13^2-E13^2))^0.5)/2 -> 2.8410767 | AO13: =VLOOKUP(C13,Paramètres!$C$30:$F$37,2,1) -> 0.5 | AP13: =VLOOKUP(C13,Paramètres!$C$30:$F$37,4,1) -> 0.65 | AQ13: =AND(I13>=AO13,I13<=AP13) -> TRUE | AR13: =HLOOKUP(H13,'Charge de rupture par diamètre'!$D$16:$AC$17,2,0) -> 3 | AS13: =VLOOKUP(E13,'Charge de rupture par diamètre'!$C$16:$AC$53,AR13,1) -> 1837 | AT13: =AS13*Paramètres!$B$9 -> 1377.75 | AU13: =PI()*A13^2*D13^2*(Paramètres!$B$7*E13^2+Paramètres!$B$8*PI()/4*(F13^2-E13^2))/10^12 -> 836.48812 | AV13: =0.183*(-E13+(E13^2+4*Paramètres!$B$7/PI()/Paramètres!$B$8*(AW13^2-E13^2))^0.5) -> 0.90850315 | AW13: =(R13/PI()/Paramètres!$B$7)^0.5/A13/D13*10^6 -> 5.6564234 | AX13: =Q13*VLOOKUP(H13,Paramètres!$B$15:$C$18,2,0)*Paramètres!$B$9 -> #N/A | AY13: =(AX13/PI()/Paramètres!$B$7)^0.5/A13/D13*10^6 -> #N/A | AZ13: =(IF(F13>0,(F13*F13 -E13*E13)/Paramètres!$B$7*Paramètres!$B$8,0)+E13*E13)*D13*G13 -> 48197.025 | BB13: =IF(F13>0,"",0.234*Paramètres!$B$12*10^9*IF(F13>0,E13,E13)^2/Paramètres!$B$7/A13^2/D13^4*10^6) | BC13: 2 | BD13: =BC13*SQRT(1+L13*BC13^2)-BC13 -> 0.00033777821 | BE13: =IF(F13>0,PI()^2*Paramètres!$B$12*10^9/8/O13*(E13^4+E13^2*F13^2)*10^-12/D13^2/10^-6,"-") -> 0.0079570145 | BF13: =IF(ISBLANK(D13),"-",PI()^3*E13^4*Paramètres!$B$12*10^9/64/O13/(D13/1000)^2*10^-12) -> 8.4451683e-05 | BG13: =(Paramètres!$B$12*10^9)^0.5/Paramètres!$B$7/2/D13*1000 -> 24.322016
A14: =IF(ISBLANK(D14),"-",IF(AND($A$6,$A$4/2<AD14),AG14,AD14)) -> 29.135235 | B14: =IF(ISBLANK(D14),"",VLOOKUP(MOD(C14-Paramètres!$B$54,12)+1,Paramètres!$B$40:$C$52,2)&" "&(TRUNC((C14-Paramètres!$B$54+120)/12)-10+1)) -> La# -1 | C14: =IF(ISBLANK(D14),"",C13+1) -> 2 | D14: 1174 | E14: 1 | F14: 5.6 | G14: 1 | H14: SP-M | I14: =IF(ISBLANK(D14),"",IF(F14>0,AU14/AT14,AM14)) -> 0.59091268 | J14: =IF(ISBLANK(D14),"",IF(AQ14,"","]"&AO14&" -- "&AP14&"[")) | K14: =IF(ISBLANK(D14),"",BA14) -> -0.13155316 | L14: =IF(ISBLANK(D14),"",IF(F14>0,BF14,BF14)) -> 8.7214982e-05 | M14: =IF(ISBLANK(D14),"",IF(F14>0,"-",N14/(2^(1/12)-1))) -> - | N14: =IF(ISBLANK(D14),"",IF(F14>0,"-",1.5*L14)) -> - | O14: =IF(ISBLANK(D14),"",IF(F14>0,AU14,AK14)) -> 814.12994 | P14: =IF(ISBLANK(D14),"",IF(F14>0,AU14*G14,AL14)) -> 814.12994 | Q14: 0.6 | R14: =IF(ISBLANK(D14),"",AT14*Q14) -> 826.65 | S14: =IF(ISBLANK(D14),"",AJ14) -> 5.6430528 | T14: =IF(ISBLANK(F14),"",ROUND(S14*10*G14,0)/10/G14) -> 5.6 | U14: =IF(F14>0,(AJ14-E14)/2,"") -> 2.3215264 | V14: =IF(F14>0,AN14,"") -> 2.637906 | W14: =IF(F14>0,IF(U14<Paramètres!$B$5,"!!!",""),"") | X14: =IF(U14<>"",IF(U14/3>=Paramètres!$B$5,(S14-E14)/2/3,""),"") -> 0.77384213 | Y14: =IF(U14<>"",IF(U14/3>=Paramètres!$B$5,AV14,""),"") -> 0.84967866 | Z14: =IF(X14<>"",Y14*2,"") -> 1.6993573 | AC14: =INDEX('Charge de rupture par diamètre'!$C$1:$AC$1,AR14) -> Stephen Paulello France | AD14: =IF(ISBLANK(D14),"-",$A$4/16 * 2^((C14-1)/12)) -> 29.135235 | AE14: =AF14/(AF$9*SQRT(1+$L14*AF$9^2)) -> 87.327498 | AF14: =AG26 -> 174.68546 | AG14: =$AE14*AG$9*SQRT(1+$G14*AG$9^2) -> 123.49973 | AH14: =IF(AND(C14>12,F2="",AD14>$A$4),AH2*2*(1+N2),IF(AD14>=$A$4/2,AD14,AD14)) -> 29.135235 | AI14: =IF(AND(C14>12,F2="",AD14>$A$4),AH2*2*(1+N2),IF(AD14>=$A$4/2,AD14,AH26/2/(1+N14))) -> #VALUE! | AJ14: =IF(Q14>0,((R14*10^12/PI()/A14^2/D14^2-Paramètres!$B$7*E14^2)*4/PI()/Paramètres!$B$8+E14^2)^0.5,"") -> 5.6430528 | AK14: =PI()*Paramètres!$B$7*(E14*A14*D14)^2/10^12 -> 28.85312 | AL14: =AK14*G14 -> 28.85312 | AM14: =AK14/AT14 -> 0.020942203 | AN14: =(-E14+0.1*Paramètres!$B$7/E14/Paramètres!$B$8/PI()*(AW14^2-E14^2)+(E14^2+3.8*Paramètres!$B$7/Paramètres!$B$8/PI()*(AW14^2-E14^2))^0.5)/2 -> 2.637906 | AO14: =VLOOKUP(C14,Paramètres!$C$30:$F$37,2,1) -> 0.5 | AP14: =VLOOKUP(C14,Paramètres!$C$30:$F$37,4,1) -> 0.65 | AQ14: =AND(I14>=AO14,I14<=AP14) -> TRUE | AR14: =HLOOKUP(H14,'Charge de rupture par diamètre'!$D$16:$AC$17,2,0) -> 3 | AS14: =VLOOKUP(E14,'Charge de rupture par diamètre'!$C$16:$AC$53,AR14,1) -> 1837 | AT14: =AS14*Paramètres!$B$9 -> 1377.75 | AU14: =PI()*A14^2*D14^2*(Paramètres!$B$7*E14^2+Paramètres!$B$8*PI()/4*(F14^2-E14^2))/10^12 -> 814.12994 | AV14: =0.183*(-E14+(E14^2+4*Paramètres!$B$7/PI()/Paramètres!$B$8*(AW14^2-E14^2))^0.5) -> 0.84967866 | AW14: =(R14/PI()/Paramètres!$B$7)^0.5/A14/D14*10^6 -> 5.3525958 | AX14: =Q14*VLOOKUP(H14,Paramètres!$B$15:$C$18,2,0)*Paramètres!$B$9 -> #N/A | AY14: =(AX14/PI()/Paramètres!$B$7)^0.5/A14/D14*10^6 -> #N/A | AZ14: =(IF(F14>0,(F14*F14 -E14*E14)/Paramètres!$B$7*Paramètres!$B$8,0)+E14*E14)*D14*G14 -> 41856.555 | BA14: =-1+AZ14/AZ13 -> -0.13155316 | BB14: =IF(F14>0,"",0.234*Paramètres!$B$12*10^9*IF(F14>0,E14,E14)^2/Paramètres!$B$7/A14^2/D14^4*10^6) | BC14: 2 | BD14: =BC14*SQRT(1+L14*BC14^2)-BC14 -> 0.00034882951 | BE14: =IF(F14>0,PI()^2*Paramètres!$B$12*10^9/8/O14*(E14^4+E14^2*F14^2)*10^-12/D14^2/10^-6,"-") -> 0.0071868689 | BF14: =IF(ISBLANK(D14),"-",PI()^3*E14^4*Paramètres!$B$12*10^9/64/O14/(D14/1000)^2*10^-12) -> 8.7214982e-05 | BG14: =(Paramètres!$B$12*10^9)^0.5/Paramètres!$B$7/2/D14*1000 -> 24.384168
A15: =IF(ISBLANK(D15),"-",IF(AND($A$6,$A$4/2<AD15),AG15,AD15)) -> 30.867706 | B15: =IF(ISBLANK(D15),"",VLOOKUP(MOD(C15-Paramètres!$B$54,12)+1,Paramètres!$B$40:$C$52,2)&" "&(TRUNC((C15-Paramètres!$B$54+120)/12)-10+1)) -> Si -1 | C15: =IF(ISBLANK(D15),"",C14+1) -> 3 | D15: 1170 | E15: 1 | F15: 5.3 | G15: 1 | H15: SP-M | I15: =IF(ISBLANK(D15),"",IF(F15>0,AU15/AT15,AM15)) -> 0.59032568 | J15: =IF(ISBLANK(D15),"",IF(AQ15,"","]"&AO15&" -- "&AP15&"[")) | K15: =IF(ISBLANK(D15),"",BA15) -> -0.10773698 | L15: =IF(ISBLANK(D15),"",IF(F15>0,BF15,BF15)) -> 8.789966e-05 | M15: =IF(ISBLANK(D15),"",IF(F15>0,"-",N15/(2^(1/12)-1))) -> - | N15: =IF(ISBLANK(D15),"",IF(F15>0,"-",1.5*L15)) -> - | O15: =IF(ISBLANK(D15),"",IF(F15>0,AU15,AK15)) -> 813.32121 | P15: =IF(ISBLANK(D15),"",IF(F15>0,AU15*G15,AL15)) -> 813.32121 | Q15: 0.6 | R15: =IF(ISBLANK(D15),"",AT15*Q15) -> 826.65 | S15: =IF(ISBLANK(D15),"",AJ15) -> 5.3434291 | T15: =IF(ISBLANK(F15),"",ROUND(S15*10*G15,0)/10/G15) -> 5.3 | U15: =IF(F15>0,(AJ15-E15)/2,"") -> 2.1717146 | V15: =IF(F15>0,AN15,"") -> 2.4508672 | W15: =IF(F15>0,IF(U15<Paramètres!$B$5,"!!!",""),"") | X15: =IF(U15<>"",IF(U15/3>=Paramètres!$B$5,(S15-E15)/2/3,""),"") -> 0.72390485 | Y15: =IF(U15<>"",IF(U15/3>=Paramètres!$B$5,AV15,""),"") -> 0.79484753 | Z15: =IF(X15<>"",Y15*2,"") -> 1.5896951 | AC15: =INDEX('Charge de rupture par diamètre'!$C$1:$AC$1,AR15) -> Stephen Paulello France | AD15: =IF(ISBLANK(D15),"-",$A$4/16 * 2^((C15-1)/12)) -> 30.867706 | AE15: =AF15/(AF$9*SQRT(1+$L15*AF$9^2)) -> 92.520933 | AF15: =AG27 -> 185.07439 | AG15: =$AE15*AG$9*SQRT(1+$G15*AG$9^2) -> 130.84436 | AH15: =IF(AND(C15>12,F3="",AD15>$A$4),AH3*2*(1+N3),IF(AD15>=$A$4/2,AD15,AD15)) -> 30.867706 | AI15: =IF(AND(C15>12,F3="",AD15>$A$4),AH3*2*(1+N3),IF(AD15>=$A$4/2,AD15,AH27/2/(1+N15))) -> #VALUE! | AJ15: =IF(Q15>0,((R15*10^12/PI()/A15^2/D15^2-Paramètres!$B$7*E15^2)*4/PI()/Paramètres!$B$8+E15^2)^0.5,"") -> 5.3434291 | AK15: =PI()*Paramètres!$B$7*(E15*A15*D15)^2/10^12 -> 32.166216 | AL15: =AK15*G15 -> 32.166216 | AM15: =AK15/AT15 -> 0.023346918 | AN15: =(-E15+0.1*Paramètres!$B$7/E15/Paramètres!$B$8/PI()*(AW15^2-E15^2)+(E15^2+3.8*Paramètres!$B$7/Paramètres!$B$8/PI()*(AW15^2-E15^2))^0.5)/2 -> 2.4508672 | AO15: =VLOOKUP(C15,Paramètres!$C$30:$F$37,2,1) -> 0.5 | AP15: =VLOOKUP(C15,Paramètres!$C$30:$F$37,4,1) -> 0.65 | AQ15: =AND(I15>=AO15,I15<=AP15) -> TRUE | AR15: =HLOOKUP(H15,'Charge de rupture par diamètre'!$D$16:$AC$17,2,0) -> 3 | AS15: =VLOOKUP(E15,'Charge de rupture par diamètre'!$C$16:$AC$53,AR15,1) -> 1837 | AT15: =AS15*Paramètres!$B$9 -> 1377.75 | AU15: =PI()*A15^2*D15^2*(Paramètres!$B$7*E15^2+Paramètres!$B$8*PI()/4*(F15^2-E15^2))/10^12 -> 813.32121 | AV15: =0.183*(-E15+(E15^2+4*Paramètres!$B$7/PI()/Paramètres!$B$8*(AW15^2-E15^2))^0.5) -> 0.79484753 | AW15: =(R15/PI()/Paramètres!$B$7)^0.5/A15/D15*10^6 -> 5.0694501 | AX15: =Q15*VLOOKUP(H15,Paramètres!$B$15:$C$18,2,0)*Paramètres!$B$9 -> #N/A | AY15: =(AX15/PI()/Paramètres!$B$7)^0.5/A15/D15*10^6 -> #N/A | AZ15: =(IF(F15>0,(F15*F15 -E15*E15)/Paramètres!$B$7*Paramètres!$B$8,0)+E15*E15)*D15*G15 -> 37347.056 | BA15: =-1+AZ15/AZ14 -> -0.10773698 | BB15: =IF(F15>0,"",0.234*Paramètres!$B$12*10^9*IF(F15>0,E15,E15)^2/Paramètres!$B$7/A15^2/D15^4*10^6) | BC15: 2 | BD15: =BC15*SQRT(1+L15*BC15^2)-BC15 -> 0.00035156774 | BE15: =IF(F15>0,PI()^2*Paramètres!$B$12*10^9/8/O15*(E15^4+E15^2*F15^2)*10^-12/D15^2/10^-6,"-") -> 0.0065113498 | BF15: =IF(ISBLANK(D15),"-",PI()^3*E15^4*Paramètres!$B$12*10^9/64/O15/(D15/1000)^2*10^-12) -> 8.789966e-05 | BG15: =(Paramètres!$B$12*10^9)^0.5/Paramètres!$B$7/2/D15*1000 -> 24.467532
A16: =IF(ISBLANK(D16),"-",IF(AND($A$6,$A$4/2<AD16),AG16,AD16)) -> 32.703196 | B16: =IF(ISBLANK(D16),"",VLOOKUP(MOD(C16-Paramètres!$B$54,12)+1,Paramètres!$B$40:$C$52,2)&" "&(TRUNC((C16-Paramètres!$B$54+120)/12)-10+1)) -> Do 0 | C16: =IF(ISBLANK(D16),"",C15+1) -> 4 | D16: 1166 | E16: 1 | F16: 5.1 | G16: 1 | H16: SP-M | I16: =IF(ISBLANK(D16),"",IF(F16>0,AU16/AT16,AM16)) -> 0.60956432 | J16: =IF(ISBLANK(D16),"",IF(AQ16,"","]"&AO16&" -- "&AP16&"[")) | K16: =IF(ISBLANK(D16),"",BA16) -> -0.077540247 | L16: =IF(ISBLANK(D16),"",IF(F16>0,BF16,BF16)) -> 8.5710486e-05 | M16: =IF(ISBLANK(D16),"",IF(F16>0,"-",N16/(2^(1/12)-1))) -> - | N16: =IF(ISBLANK(D16),"",IF(F16>0,"-",1.5*L16)) -> - | O16: =IF(ISBLANK(D16),"",IF(F16>0,AU16,AK16)) -> 839.82724 | P16: =IF(ISBLANK(D16),"",IF(F16>0,AU16*G16,AL16)) -> 839.82724 | Q16: 0.6 | R16: =IF(ISBLANK(D16),"",AT16*Q16) -> 826.65 | S16: =IF(ISBLANK(D16),"",AJ16) -> 5.0596522 | T16: =IF(ISBLANK(F16),"",ROUND(S16*10*G16,0)/10/G16) -> 5.1 | U16: =IF(F16>0,(AJ16-E16)/2,"") -> 2.0298261 | V16: =IF(F16>0,AN16,"") -> 2.2758039 | W16: =IF(F16>0,IF(U16<Paramètres!$B$5,"!!!",""),"") | X16: =IF(U16<>"",IF(U16/3>=Paramètres!$B$5,(S16-E16)/2/3,""),"") -> 0.67660869 | Y16: =IF(U16<>"",IF(U16/3>=Paramètres!$B$5,AV16,""),"") -> 0.74291635 | Z16: =IF(X16<>"",Y16*2,"") -> 1.4858327 | AC16: =INDEX('Charge de rupture par diamètre'!$C$1:$AC$1,AR16) -> Stephen Paulello France | AD16: =IF(ISBLANK(D16),"-",$A$4/16 * 2^((C16-1)/12)) -> 32.703196 | AE16: =AF16/(AF$9*SQRT(1+$L16*AF$9^2)) -> 98.023481 | AF16: =AG28 -> 196.08057 | AG16: =$AE16*AG$9*SQRT(1+$G16*AG$9^2) -> 138.62614 | AH16: =IF(AND(C16>12,F4="",AD16>$A$4),AH4*2*(1+N4),IF(AD16>=$A$4/2,AD16,AD16)) -> 32.703196 | AI16: =IF(AND(C16>12,F4="",AD16>$A$4),AH4*2*(1+N4),IF(AD16>=$A$4/2,AD16,AH28/2/(1+N16))) -> #VALUE! | AJ16: =IF(Q16>0,((R16*10^12/PI()/A16^2/D16^2-Paramètres!$B$7*E16^2)*4/PI()/Paramètres!$B$8+E16^2)^0.5,"") -> 5.0596522 | AK16: =PI()*Paramètres!$B$7*(E16*A16*D16)^2/10^12 -> 35.858904 | AL16: =AK16*G16 -> 35.858904 | AM16: =AK16/AT16 -> 0.026027149 | AN16: =(-E16+0.1*Paramètres!$B$7/E16/Paramètres!$B$8/PI()*(AW16^2-E16^2)+(E16^2+3.8*Paramètres!$B$7/Paramètres!$B$8/PI()*(AW16^2-E16^2))^0.5)/2 -> 2.2758039 | AO16: =VLOOKUP(C16,Paramètres!$C$30:$F$37,2,1) -> 0.5 | AP16: =VLOOKUP(C16,Paramètres!$C$30:$F$37,4,1) -> 0.65 | AQ16: =AND(I16>=AO16,I16<=AP16) -> TRUE | AR16: =HLOOKUP(H16,'Charge de rupture par diamètre'!$D$16:$AC$17,2,0) -> 3 | AS16: =VLOOKUP(E16,'Charge de rupture par diamètre'!$C$16:$AC$53,AR16,1) -> 1837 | AT16: =AS16*Paramètres!$B$9 -> 1377.75 | AU16: =PI()*A16^2*D16^2*(Paramètres!$B$7*E16^2+Paramètres!$B$8*PI()/4*(F16^2-E16^2))/10^12 -> 839.82724 | AV16: =0.183*(-E16+(E16^2+4*Paramètres!$B$7/PI()/Paramètres!$B$8*(AW16^2-E16^2))^0.5) -> 0.74291635 | AW16: =(R16/PI()/Paramètres!$B$7)^0.5/A16/D16*10^6 -> 4.8013385 | AX16: =Q16*VLOOKUP(H16,Paramètres!$B$15:$C$18,2,0)*Paramètres!$B$9 -> #N/A | AY16: =(AX16/PI()/Paramètres!$B$7)^0.5/A16/D16*10^6 -> #N/A | AZ16: =(IF(F16>0,(F16*F16 -E16*E16)/Paramètres!$B$7*Paramètres!$B$8,0)+E16*E16)*D16*G16 -> 34451.156 | BA16: =-1+AZ16/AZ15 -> -0.077540247 | BB16: =IF(F16>0,"",0.234*Paramètres!$B$12*10^9*IF(F16>0,E16,E16)^2/Paramètres!$B$7/A16^2/D16^4*10^6) | BC16: 2 | BD16: =BC16*SQRT(1+L16*BC16^2)-BC16 -> 0.00034281256 | BE16: =IF(F16>0,PI()^2*Paramètres!$B$12*10^9/8/O16*(E16^4+E16^2*F16^2)*10^-12/D16^2/10^-6,"-") -> 0.0058952015 | BF16: =IF(ISBLANK(D16),"-",PI()^3*E16^4*Paramètres!$B$12*10^9/64/O16/(D16/1000)^2*10^-12) -> 8.5710486e-05 | BG16: =(Paramètres!$B$12*10^9)^0.5/Paramètres!$B$7/2/D16*1000 -> 24.551469
A17: =IF(ISBLANK(D17),"-",IF(AND($A$6,$A$4/2<AD17),AG17,AD17)) -> 34.647829 | B17: =IF(ISBLANK(D17),"",VLOOKUP(MOD(C17-Paramètres!$B$54,12)+1,Paramètres!$B$40:$C$52,2)&" "&(TRUNC((C17-Paramètres!$B$54+120)/12)-10+1)) -> Do# 0 | C17: =IF(ISBLANK(D17),"",C16+1) -> 5 | D17: 1161 | E17: 1 | F17: 4.8 | G17: 1 | H17: SP-M | I17: =IF(ISBLANK(D17),"",IF(F17>0,AU17/AT17,AM17)) -> 0.60124033 | J17: =IF(ISBLANK(D17),"",IF(AQ17,"","]"&AO17&" -- "&AP17&"[")) | K17: =IF(ISBLANK(D17),"",BA17) -> -0.11852949 | L17: =IF(ISBLANK(D17),"",IF(F17>0,BF17,BF17)) -> 8.7647201e-05 | M17: =IF(ISBLANK(D17),"",IF(F17>0,"-",N17/(2^(1/12)-1))) -> - | N17: =IF(ISBLANK(D17),"",IF(F17>0,"-",1.5*L17)) -> - | O17: =IF(ISBLANK(D17),"",IF(F17>0,AU17,AK17)) -> 828.35886 | P17: =IF(ISBLANK(D17),"",IF(F17>0,AU17*G17,AL17)) -> 828.35886 | Q17: 0.6 | R17: =IF(ISBLANK(D17),"",AT17*Q17) -> 826.65 | S17: =IF(ISBLANK(D17),"",AJ17) -> 4.7950215 | T17: =IF(ISBLANK(F17),"",ROUND(S17*10*G17,0)/10/G17) -> 4.8 | U17: =IF(F17>0,(AJ17-E17)/2,"") -> 1.8975108 | V17: =IF(F17>0,AN17,"") -> 2.1143804 | W17: =IF(F17>0,IF(U17<Paramètres!$B$5,"!!!",""),"") | X17: =IF(U17<>"",IF(U17/3>=Paramètres!$B$5,(S17-E17)/2/3,""),"") -> 0.63250359 | Y17: =IF(U17<>"",IF(U17/3>=Paramètres!$B$5,AV17,""),"") -> 0.69448894 | Z17: =IF(X17<>"",Y17*2,"") -> 1.3889779 | AC17: =INDEX('Charge de rupture par diamètre'!$C$1:$AC$1,AR17) -> Stephen Paulello France | AD17: =IF(ISBLANK(D17),"-",$A$4/16 * 2^((C17-1)/12)) -> 34.647829 | AE17: =AF17/(AF$9*SQRT(1+$L17*AF$9^2)) -> 119.89256 | AF17: =AG29 -> 239.82715 | AG17: =$AE17*AG$9*SQRT(1+$G17*AG$9^2) -> 169.55369 | AH17: =IF(AND(C17>12,F5="",AD17>$A$4),AH5*2*(1+N5),IF(AD17>=$A$4/2,AD17,AD17)) -> 34.647829 | AI17: =IF(AND(C17>12,F5="",AD17>$A$4),AH5*2*(1+N5),IF(AD17>=$A$4/2,AD17,AH29/2/(1+N17))) -> #VALUE! | AJ17: =IF(Q17>0,((R17*10^12/PI()/A17^2/D17^2-Paramètres!$B$7*E17^2)*4/PI()/Paramètres!$B$8+E17^2)^0.5,"") -> 4.7950215 | AK17: =PI()*Paramètres!$B$7*(E17*A17*D17)^2/10^12 -> 39.9058 | AL17: =AK17*G17 -> 39.9058 | AM17: =AK17/AT17 -> 0.028964471 | AN17: =(-E17+0.1*Paramètres!$B$7/E17/Paramètres!$B$8/PI()*(AW17^2-E17^2)+(E17^2+3.8*Paramètres!$B$7/Paramètres!$B$8/PI()*(AW17^2-E17^2))^0.5)/2 -> 2.1143804 | AO17: =VLOOKUP(C17,Paramètres!$C$30:$F$37,2,1) -> 0.5 | AP17: =VLOOKUP(C17,Paramètres!$C$30:$F$37,4,1) -> 0.65 | AQ17: =AND(I17>=AO17,I17<=AP17) -> TRUE | AR17: =HLOOKUP(H17,'Charge de rupture par diamètre'!$D$16:$AC$17,2,0) -> 3 | AS17: =VLOOKUP(E17,'Charge de rupture par diamètre'!$C$16:$AC$53,AR17,1) -> 1837 | AT17: =AS17*Paramètres!$B$9 -> 1377.75 | AU17: =PI()*A17^2*D17^2*(Paramètres!$B$7*E17^2+Paramètres!$B$8*PI()/4*(F17^2-E17^2))/10^12 -> 828.35886 | AV17: =0.183*(-E17+(E17^2+4*Paramètres!$B$7/PI()/Paramètres!$B$8*(AW17^2-E17^2))^0.5) -> 0.69448894 | AW17: =(R17/PI()/Paramètres!$B$7)^0.5/A17/D17*10^6 -> 4.5513772 | AX17: =Q17*VLOOKUP(H17,Paramètres!$B$15:$C$18,2,0)*Paramètres!$B$9 -> #N/A | AY17: =(AX17/PI()/Paramètres!$B$7)^0.5/A17/D17*10^6 -> #N/A | AZ17: =(IF(F17>0,(F17*F17 -E17*E17)/Paramètres!$B$7*Paramètres!$B$8,0)+E17*E17)*D17*G17 -> 30367.678 | BA17: =-1+AZ17/AZ16 -> -0.11852949 | BB17: =IF(F17>0,"",0.234*Paramètres!$B$12*10^9*IF(F17>0,E17,E17)^2/Paramètres!$B$7/A17^2/D17^4*10^6) | BC17: 2 | BD17: =BC17*SQRT(1+L17*BC17^2)-BC17 -> 0.00035055808 | BE17: =IF(F17>0,PI()^2*Paramètres!$B$12*10^9/8/O17*(E17^4+E17^2*F17^2)*10^-12/D17^2/10^-6,"-") -> 0.00536553 | BF17: =IF(ISBLANK(D17),"-",PI()^3*E17^4*Paramètres!$B$12*10^9/64/O17/(D17/1000)^2*10^-12) -> 8.7647201e-05 | BG17: =(Paramètres!$B$12*10^9)^0.5/Paramètres!$B$7/2/D17*1000 -> 24.657203
A18: =IF(ISBLANK(D18),"-",IF(AND($A$6,$A$4/2<AD18),AG18,AD18)) -> 36.708096 | B18: =IF(ISBLANK(D18),"",VLOOKUP(MOD(C18-Paramètres!$B$54,12)+1,Paramètres!$B$40:$C$52,2)&" "&(TRUNC((C18-Paramètres!$B$54+120)/12)-10+1)) -> Ré 0 | C18: =IF(ISBLANK(D18),"",C17+1) -> 6 | D18: 1156 | E18: 1 | F18: 4.5 | G18: 1 | H18: SP-M | I18: =IF(ISBLANK(D18),"",IF(F18>0,AU18/AT18,AM18)) -> 0.5884532 | J18: =IF(ISBLANK(D18),"",IF(AQ18,"","]"&AO18&" -- "&AP18&"[")) | K18: =IF(ISBLANK(D18),"",BA18) -> -0.12553069 | L18: =IF(ISBLANK(D18),"",IF(F18>0,BF18,BF18)) -> 9.0328126e-05 | M18: =IF(ISBLANK(D18),"",IF(F18>0,"-",N18/(2^(1/12)-1))) -> - | N18: =IF(ISBLANK(D18),"",IF(F18>0,"-",1.5*L18)) -> - | O18: =IF(ISBLANK(D18),"",IF(F18>0,AU18,AK18)) -> 810.74139 | P18: =IF(ISBLANK(D18),"",IF(F18>0,AU18*G18,AL18)) -> 810.74139 | Q18: 0.6 | R18: =IF(ISBLANK(D18),"",AT18*Q18) -> 826.65 | S18: =IF(ISBLANK(D18),"",AJ18) -> 4.5441851 | T18: =IF(ISBLANK(F18),"",ROUND(S18*10*G18,0)/10/G18) -> 4.5 | U18: =IF(F18>0,(AJ18-E18)/2,"") -> 1.7720925 | V18: =IF(F18>0,AN18,"") -> 1.9630025 | W18: =IF(F18>0,IF(U18<Paramètres!$B$5,"!!!",""),"") | X18: =IF(U18<>"",IF(U18/3>=Paramètres!$B$5,(S18-E18)/2/3,""),"") -> 0.59069751 | Y18: =IF(U18<>"",IF(U18/3>=Paramètres!$B$5,AV18,""),"") -> 0.64858587 | Z18: =IF(X18<>"",Y18*2,"") -> 1.2971717 | AC18: =INDEX('Charge de rupture par diamètre'!$C$1:$AC$1,AR18) -> Stephen Paulello France | AD18: =IF(ISBLANK(D18),"-",$A$4/16 * 2^((C18-1)/12)) -> 36.708096 | AE18: =AF18/(AF$9*SQRT(1+$L18*AF$9^2)) -> 127.02588 | AF18: =AG30 -> 254.09765 | AG18: =$AE18*AG$9*SQRT(1+$G18*AG$9^2) -> 179.64172 | AH18: =IF(AND(C18>12,F6="",AD18>$A$4),AH6*2*(1+N6),IF(AD18>=$A$4/2,AD18,AD18)) -> 36.708096 | AI18: =IF(AND(C18>12,F6="",AD18>$A$4),AH6*2*(1+N6),IF(AD18>=$A$4/2,AD18,AH30/2/(1+N18))) -> #VALUE! | AJ18: =IF(Q18>0,((R18*10^12/PI()/A18^2/D18^2-Paramètres!$B$7*E18^2)*4/PI()/Paramètres!$B$8+E18^2)^0.5,"") -> 4.5441851 | AK18: =PI()*Paramètres!$B$7*(E18*A18*D18)^2/10^12 -> 44.407765 | AL18: =AK18*G18 -> 44.407765 | AM18: =AK18/AT18 -> 0.032232092 | AN18: =(-E18+0.1*Paramètres!$B$7/E18/Paramètres!$B$8/PI()*(AW18^2-E18^2)+(E18^2+3.8*Paramètres!$B$7/Paramètres!$B$8/PI()*(AW18^2-E18^2))^0.5)/2 -> 1.9630025 | AO18: =VLOOKUP(C18,Paramètres!$C$30:$F$37,2,1) -> 0.5 | AP18: =VLOOKUP(C18,Paramètres!$C$30:$F$37,4,1) -> 0.65 | AQ18: =AND(I18>=AO18,I18<=AP18) -> TRUE | AR18: =HLOOKUP(H18,'Charge de rupture par diamètre'!$D$16:$AC$17,2,0) -> 3 | AS18: =VLOOKUP(E18,'Charge de rupture par diamètre'!$C$16:$AC$53,AR18,1) -> 1837 | AT18: =AS18*Paramètres!$B$9 -> 1377.75 | AU18: =PI()*A18^2*D18^2*(Paramètres!$B$7*E18^2+Paramètres!$B$8*PI()/4*(F18^2-E18^2))/10^12 -> 810.74139 | AV18: =0.183*(-E18+(E18^2+4*Paramètres!$B$7/PI()/Paramètres!$B$8*(AW18^2-E18^2))^0.5) -> 0.64858587 | AW18: =(R18/PI()/Paramètres!$B$7)^0.5/A18/D18*10^6 -> 4.314509 | AX18: =Q18*VLOOKUP(H18,Paramètres!$B$15:$C$18,2,0)*Paramètres!$B$9 -> #N/A | AY18: =(AX18/PI()/Paramètres!$B$7)^0.5/A18/D18*10^6 -> #N/A | AZ18: =(IF(F18>0,(F18*F18 -E18*E18)/Paramètres!$B$7*Paramètres!$B$8,0)+E18*E18)*D18*G18 -> 26555.603 | BA18: =-1+AZ18/AZ17 -> -0.12553069 | BB18: =IF(F18>0,"",0.234*Paramètres!$B$12*10^9*IF(F18>0,E18,E18)^2/Paramètres!$B$7/A18^2/D18^4*10^6) | BC18: 2 | BD18: =BC18*SQRT(1+L18*BC18^2)-BC18 -> 0.00036127987 | BE18: =IF(F18>0,PI()^2*Paramètres!$B$12*10^9/8/O18*(E18^4+E18^2*F18^2)*10^-12/D18^2/10^-6,"-") -> 0.004887897 | BF18: =IF(ISBLANK(D18),"-",PI()^3*E18^4*Paramètres!$B$12*10^9/64/O18/(D18/1000)^2*10^-12) -> 9.0328126e-05 | BG18: =(Paramètres!$B$12*10^9)^0.5/Paramètres!$B$7/2/D18*1000 -> 24.763852
A19: =IF(ISBLANK(D19),"-",IF(AND($A$6,$A$4/2<AD19),AG19,AD19)) -> 38.890873 | B19: =IF(ISBLANK(D19),"",VLOOKUP(MOD(C19-Paramètres!$B$54,12)+1,Paramètres!$B$40:$C$52,2)&" "&(TRUNC((C19-Paramètres!$B$54+120)/12)-10+1)) -> Ré# 0 | C19: =IF(ISBLANK(D19),"",C18+1) -> 7 | D19: 1151 | E19: 1 | F19: 4.3 | G19: 1 | H19: SP-M | I19: =IF(ISBLANK(D19),"",IF(F19>0,AU19/AT19,AM19)) -> 0.5982254 | J19: =IF(ISBLANK(D19),"",IF(AQ19,"","]"&AO19&" -- "&AP19&"[")) | K19: =IF(ISBLANK(D19),"",BA19) -> -0.091395588 | L19: =IF(ISBLANK(D19),"",IF(F19>0,BF19,BF19)) -> 8.9626223e-05 | M19: =IF(ISBLANK(D19),"",IF(F19>0,"-",N19/(2^(1/12)-1))) -> - | N19: =IF(ISBLANK(D19),"",IF(F19>0,"-",1.5*L19)) -> - | O19: =IF(ISBLANK(D19),"",IF(F19>0,AU19,AK19)) -> 824.20505 | P19: =IF(ISBLANK(D19),"",IF(F19>0,AU19*G19,AL19)) -> 824.20505 | Q19: 0.6 | R19: =IF(ISBLANK(D19),"",AT19*Q19) -> 826.65 | S19: =IF(ISBLANK(D19),"",AJ19) -> 4.3064129 | T19: =IF(ISBLANK(F19),"",ROUND(S19*10*G19,0)/10/G19) -> 4.3 | U19: =IF(F19>0,(AJ19-E19)/2,"") -> 1.6532064 | V19: =IF(F19>0,AN19,"") -> 1.8209769 | W19: =IF(F19>0,IF(U19<Paramètres!$B$5,"!!!",""),"") | X19: =IF(U19<>"",IF(U19/3>=Paramètres!$B$5,(S19-E19)/2/3,""),"") -> 0.55106882 | Y19: =IF(U19<>"",IF(U19/3>=Paramètres!$B$5,AV19,""),"") -> 0.60507356 | Z19: =IF(X19<>"",Y19*2,"") -> 1.2101471 | AC19: =INDEX('Charge de rupture par diamètre'!$C$1:$AC$1,AR19) -> Stephen Paulello France | AD19: =IF(ISBLANK(D19),"-",$A$4/16 * 2^((C19-1)/12)) -> 38.890873 | AE19: =AF19/(AF$9*SQRT(1+$L19*AF$9^2)) -> 134.58954 | AF19: =AG31 -> 269.22732 | AG19: =$AE19*AG$9*SQRT(1+$G19*AG$9^2) -> 190.33835 | AH19: =IF(AND(C19>12,F7="",AD19>$A$4),AH7*2*(1+N7),IF(AD19>=$A$4/2,AD19,AD19)) -> 38.890873 | AI19: =IF(AND(C19>12,F7="",AD19>$A$4),AH7*2*(1+N7),IF(AD19>=$A$4/2,AD19,AH31/2/(1+N19))) -> #VALUE! | AJ19: =IF(Q19>0,((R19*10^12/PI()/A19^2/D19^2-Paramètres!$B$7*E19^2)*4/PI()/Paramètres!$B$8+E19^2)^0.5,"") -> 4.3064129 | AK19: =PI()*Paramètres!$B$7*(E19*A19*D19)^2/10^12 -> 49.415769 | AL19: =AK19*G19 -> 49.415769 | AM19: =AK19/AT19 -> 0.035867007 | AN19: =(-E19+0.1*Paramètres!$B$7/E19/Paramètres!$B$8/PI()*(AW19^2-E19^2)+(E19^2+3.8*Paramètres!$B$7/Paramètres!$B$8/PI()*(AW19^2-E19^2))^0.5)/2 -> 1.8209769 | AO19: =VLOOKUP(C19,Paramètres!$C$30:$F$37,2,1) -> 0.5 | AP19: =VLOOKUP(C19,Paramètres!$C$30:$F$37,4,1) -> 0.65 | AQ19: =AND(I19>=AO19,I19<=AP19) -> TRUE | AR19: =HLOOKUP(H19,'Charge de rupture par diamètre'!$D$16:$AC$17,2,0) -> 3 | AS19: =VLOOKUP(E19,'Charge de rupture par diamètre'!$C$16:$AC$53,AR19,1) -> 1837 | AT19: =AS19*Paramètres!$B$9 -> 1377.75 | AU19: =PI()*A19^2*D19^2*(Paramètres!$B$7*E19^2+Paramètres!$B$8*PI()/4*(F19^2-E19^2))/10^12 -> 824.20505 | AV19: =0.183*(-E19+(E19^2+4*Paramètres!$B$7/PI()/Paramètres!$B$8*(AW19^2-E19^2))^0.5) -> 0.60507356 | AW19: =(R19/PI()/Paramètres!$B$7)^0.5/A19/D19*10^6 -> 4.0900447 | AX19: =Q19*VLOOKUP(H19,Paramètres!$B$15:$C$18,2,0)*Paramètres!$B$9 -> #N/A | AY19: =(AX19/PI()/Paramètres!$B$7)^0.5/A19/D19*10^6 -> #N/A | AZ19: =(IF(F19>0,(F19*F19 -E19*E19)/Paramètres!$B$7*Paramètres!$B$8,0)+E19*E19)*D19*G19 -> 24128.538 | BA19: =-1+AZ19/AZ18 -> -0.091395588 | BB19: =IF(F19>0,"",0.234*Paramètres!$B$12*10^9*IF(F19>0,E19,E19)^2/Paramètres!$B$7/A19^2/D19^4*10^6) | BC19: 2 | BD19: =BC19*SQRT(1+L19*BC19^2)-BC19 -> 0.00035847277 | BE19: =IF(F19>0,PI()^2*Paramètres!$B$12*10^9/8/O19*(E19^4+E19^2*F19^2)*10^-12/D19^2/10^-6,"-") -> 0.0044482281 | BF19: =IF(ISBLANK(D19),"-",PI()^3*E19^4*Paramètres!$B$12*10^9/64/O19/(D19/1000)^2*10^-12) -> 8.9626223e-05 | BG19: =(Paramètres!$B$12*10^9)^0.5/Paramètres!$B$7/2/D19*1000 -> 24.871427
A20: =IF(ISBLANK(D20),"-",IF(AND($A$6,$A$4/2<AD20),AG20,AD20)) -> 41.203445 | B20: =IF(ISBLANK(D20),"",VLOOKUP(MOD(C20-Paramètres!$B$54,12)+1,Paramètres!$B$40:$C$52,2)&" "&(TRUNC((C20-Paramètres!$B$54+120)/12)-10+1)) -> Mi 0 | C20: =IF(ISBLANK(D20),"",C19+1) -> 8 | D20: 1145 | E20: 1 | F20: 4.1 | G20: 1 | H20: SP-M | I20: =IF(ISBLANK(D20),"",IF(F20>0,AU20/AT20,AM20)) -> 0.60450099 | J20: =IF(ISBLANK(D20),"",IF(AQ20,"","]"&AO20&" -- "&AP20&"[")) | K20: =IF(ISBLANK(D20),"",BA20) -> -0.09620882 | L20: =IF(ISBLANK(D20),"",IF(F20>0,BF20,BF20)) -> 8.9627772e-05 | M20: =IF(ISBLANK(D20),"",IF(F20>0,"-",N20/(2^(1/12)-1))) -> - | N20: =IF(ISBLANK(D20),"",IF(F20>0,"-",1.5*L20)) -> - | O20: =IF(ISBLANK(D20),"",IF(F20>0,AU20,AK20)) -> 832.85124 | P20: =IF(ISBLANK(D20),"",IF(F20>0,AU20*G20,AL20)) -> 832.85124 | Q20: 0.6 | R20: =IF(ISBLANK(D20),"",AT20*Q20) -> 826.65 | S20: =IF(ISBLANK(D20),"",AJ20) -> 4.0846023 | T20: =IF(ISBLANK(F20),"",ROUND(S20*10*G20,0)/10/G20) -> 4.1 | U20: =IF(F20>0,(AJ20-E20)/2,"") -> 1.5423012 | V20: =IF(F20>0,AN20,"") -> 1.6897759 | W20: =IF(F20>0,IF(U20<Paramètres!$B$5,"!!!",""),"") | X20: =IF(U20<>"",IF(U20/3>=Paramètres!$B$5,(S20-E20)/2/3,""),"") -> 0.51410039 | Y20: =IF(U20<>"",IF(U20/3>=Paramètres!$B$5,AV20,""),"") -> 0.56448222 | Z20: =IF(X20<>"",Y20*2,"") -> 1.1289644 | AC20: =INDEX('Charge de rupture par diamètre'!$C$1:$AC$1,AR20) -> Stephen Paulello France | AD20: =IF(ISBLANK(D20),"-",$A$4/16 * 2^((C20-1)/12)) -> 41.203445 | AE20: =AF20/(AF$9*SQRT(1+$L20*AF$9^2)) -> 142.59644 | AF20: =AG32 -> 285.244 | AG20: =$AE20*AG$9*SQRT(1+$G20*AG$9^2) -> 201.66182 | AH20: =IF(AND(C20>12,F8="",AD20>$A$4),AH8*2*(1+N8),IF(AD20>=$A$4/2,AD20,AD20)) -> 41.203445 | AI20: =IF(AND(C20>12,F8="",AD20>$A$4),AH8*2*(1+N8),IF(AD20>=$A$4/2,AD20,AH32/2/(1+N20))) -> #VALUE! | AJ20: =IF(Q20>0,((R20*10^12/PI()/A20^2/D20^2-Paramètres!$B$7*E20^2)*4/PI()/Paramètres!$B$8+E20^2)^0.5,"") -> 4.0846023 | AK20: =PI()*Paramètres!$B$7*(E20*A20*D20)^2/10^12 -> 54.890546 | AL20: =AK20*G20 -> 54.890546 | AM20: =AK20/AT20 -> 0.039840716 | AN20: =(-E20+0.1*Paramètres!$B$7/E20/Paramètres!$B$8/PI()*(AW20^2-E20^2)+(E20^2+3.8*Paramètres!$B$7/Paramètres!$B$8/PI()*(AW20^2-E20^2))^0.5)/2 -> 1.6897759 | AO20: =VLOOKUP(C20,Paramètres!$C$30:$F$37,2,1) -> 0.5 | AP20: =VLOOKUP(C20,Paramètres!$C$30:$F$37,4,1) -> 0.65 | AQ20: =AND(I20>=AO20,I20<=AP20) -> TRUE | AR20: =HLOOKUP(H20,'Charge de rupture par diamètre'!$D$16:$AC$17,2,0) -> 3 | AS20: =VLOOKUP(E20,'Charge de rupture par diamètre'!$C$16:$AC$53,AR20,1) -> 1837 | AT20: =AS20*Paramètres!$B$9 -> 1377.75 | AU20: =PI()*A20^2*D20^2*(Paramètres!$B$7*E20^2+Paramètres!$B$8*PI()/4*(F20^2-E20^2))/10^12 -> 832.85124 | AV20: =0.183*(-E20+(E20^2+4*Paramètres!$B$7/PI()/Paramètres!$B$8*(AW20^2-E20^2))^0.5) -> 0.56448222 | AW20: =(R20/PI()/Paramètres!$B$7)^0.5/A20/D20*10^6 -> 3.8807178 | AX20: =Q20*VLOOKUP(H20,Paramètres!$B$15:$C$18,2,0)*Paramètres!$B$9 -> #N/A | AY20: =(AX20/PI()/Paramètres!$B$7)^0.5/A20/D20*10^6 -> #N/A | AZ20: =(IF(F20>0,(F20*F20 -E20*E20)/Paramètres!$B$7*Paramètres!$B$8,0)+E20*E20)*D20*G20 -> 21807.159 | BA20: =-1+AZ20/AZ19 -> -0.09620882 | BB20: =IF(F20>0,"",0.234*Paramètres!$B$12*10^9*IF(F20>0,E20,E20)^2/Paramètres!$B$7/A20^2/D20^4*10^6) | BC20: 2 | BD20: =BC20*SQRT(1+L20*BC20^2)-BC20 -> 0.00035847896 | BE20: =IF(F20>0,PI()^2*Paramètres!$B$12*10^9/8/O20*(E20^4+E20^2*F20^2)*10^-12/D20^2/10^-6,"-") -> 0.0040648698 | BF20: =IF(ISBLANK(D20),"-",PI()^3*E20^4*Paramètres!$B$12*10^9/64/O20/(D20/1000)^2*10^-12) -> 8.9627772e-05 | BG20: =(Paramètres!$B$12*10^9)^0.5/Paramètres!$B$7/2/D20*1000 -> 25.001758
A21: =IF(ISBLANK(D21),"-",IF(AND($A$6,$A$4/2<AD21),AG21,AD21)) -> 43.653529 | B21: =IF(ISBLANK(D21),"",VLOOKUP(MOD(C21-Paramètres!$B$54,12)+1,Paramètres!$B$40:$C$52,2)&" "&(TRUNC((C21-Paramètres!$B$54+120)/12)-10+1)) -> Fa 0 | C21: =IF(ISBLANK(D21),"",C20+1) -> 9 | D21: 1140 | E21: 1 | F21: 3.85 | G21: 2 | H21: SP-M | I21: =IF(ISBLANK(D21),"",IF(F21>0,AU21/AT21,AM21)) -> 0.59363347 | J21: =IF(ISBLANK(D21),"",IF(AQ21,"","]"&AO21&" -- "&AP21&"[")) | K21: =IF(ISBLANK(D21),"",BA21) -> 0.75408464 | L21: =IF(ISBLANK(D21),"",IF(F21>0,BF21,BF21)) -> 9.2070926e-05 | M21: =IF(ISBLANK(D21),"",IF(F21>0,"-",N21/(2^(1/12)-1))) -> - | N21: =IF(ISBLANK(D21),"",IF(F21>0,"-",1.5*L21)) -> - | O21: =IF(ISBLANK(D21),"",IF(F21>0,AU21,AK21)) -> 817.87852 | P21: =IF(ISBLANK(D21),"",IF(F21>0,AU21*G21,AL21)) -> 1635.757 | Q21: 0.6 | R21: =IF(ISBLANK(D21),"",AT21*Q21) -> 826.65 | S21: =IF(ISBLANK(D21),"",AJ21) -> 3.87075 | T21: =IF(ISBLANK(F21),"",ROUND(S21*10*G21,0)/10/G21) -> 3.85 | U21: =IF(F21>0,(AJ21-E21)/2,"") -> 1.435375 | V21: =IF(F21>0,AN21,"") -> 1.5644643 | W21: =IF(F21>0,IF(U21<Paramètres!$B$5,"!!!",""),"") | X21: =IF(U21<>"",IF(U21/3>=Paramètres!$B$5,(S21-E21)/2/3,""),"") -> 0.47845833 | Y21: =IF(U21<>"",IF(U21/3>=Paramètres!$B$5,AV21,""),"") -> 0.52534724 | Z21: =IF(X21<>"",Y21*2,"") -> 1.0506945 | AC21: =INDEX('Charge de rupture par diamètre'!$C$1:$AC$1,AR21) -> Stephen Paulello France | AD21: =IF(ISBLANK(D21),"-",$A$4/16 * 2^((C21-1)/12)) -> 43.653529 | AE21: =AF21/(AF$9*SQRT(1+$L21*AF$9^2)) -> 151.084 | AF21: =AG33 -> 302.22363 | AG21: =$AE21*AG$9*SQRT(1+$G21*AG$9^2) -> 261.68516 | AH21: =IF(AND(C21>12,F9="",AD21>$A$4),AH9*2*(1+N9),IF(AD21>=$A$4/2,AD21,AD21)) -> 43.653529 | AI21: =IF(AND(C21>12,F9="",AD21>$A$4),AH9*2*(1+N9),IF(AD21>=$A$4/2,AD21,AH33/2/(1+N21))) -> #VALUE! | AJ21: =IF(Q21>0,((R21*10^12/PI()/A21^2/D21^2-Paramètres!$B$7*E21^2)*4/PI()/Paramètres!$B$8+E21^2)^0.5,"") -> 3.87075 | AK21: =PI()*Paramètres!$B$7*(E21*A21*D21)^2/10^12 -> 61.075629 | AL21: =AK21*G21 -> 122.15126 | AM21: =AK21/AT21 -> 0.044329979 | AN21: =(-E21+0.1*Paramètres!$B$7/E21/Paramètres!$B$8/PI()*(AW21^2-E21^2)+(E21^2+3.8*Paramètres!$B$7/Paramètres!$B$8/PI()*(AW21^2-E21^2))^0.5)/2 -> 1.5644643 | AO21: =VLOOKUP(C21,Paramètres!$C$30:$F$37,2,1) -> 0.5 | AP21: =VLOOKUP(C21,Paramètres!$C$30:$F$37,4,1) -> 0.65 | AQ21: =AND(I21>=AO21,I21<=AP21) -> TRUE | AR21: =HLOOKUP(H21,'Charge de rupture par diamètre'!$D$16:$AC$17,2,0) -> 3 | AS21: =VLOOKUP(E21,'Charge de rupture par diamètre'!$C$16:$AC$53,AR21,1) -> 1837 | AT21: =AS21*Paramètres!$B$9 -> 1377.75 | AU21: =PI()*A21^2*D21^2*(Paramètres!$B$7*E21^2+Paramètres!$B$8*PI()/4*(F21^2-E21^2))/10^12 -> 817.87852 | AV21: =0.183*(-E21+(E21^2+4*Paramètres!$B$7/PI()/Paramètres!$B$8*(AW21^2-E21^2))^0.5) -> 0.52534724 | AW21: =(R21/PI()/Paramètres!$B$7)^0.5/A21/D21*10^6 -> 3.6789752 | AX21: =Q21*VLOOKUP(H21,Paramètres!$B$15:$C$18,2,0)*Paramètres!$B$9 -> #N/A | AY21: =(AX21/PI()/Paramètres!$B$7)^0.5/A21/D21*10^6 -> #N/A | AZ21: =(IF(F21>0,(F21*F21 -E21*E21)/Paramètres!$B$7*Paramètres!$B$8,0)+E21*E21)*D21*G21 -> 38251.604 | BA21: =-1+AZ21/AZ20 -> 0.75408464 | BB21: =IF(F21>0,"",0.234*Paramètres!$B$12*10^9*IF(F21>0,E21,E21)^2/Paramètres!$B$7/A21^2/D21^4*10^6) | BC21: 2 | BD21: =BC21*SQRT(1+L21*BC21^2)-BC21 -> 0.0003682498 | BE21: =IF(F21>0,PI()^2*Paramètres!$B$12*10^9/8/O21*(E21^4+E21^2*F21^2)*10^-12/D21^2/10^-6,"-") -> 0.0037096909 | BF21: =IF(ISBLANK(D21),"-",PI()^3*E21^4*Paramètres!$B$12*10^9/64/O21/(D21/1000)^2*10^-12) -> 9.2070926e-05 | BG21: =(Paramètres!$B$12*10^9)^0.5/Paramètres!$B$7/2/D21*1000 -> 25.111415
A22: =IF(ISBLANK(D22),"-",IF(AND($A$6,$A$4/2<AD22),AG22,AD22)) -> 46.249303 | B22: =IF(ISBLANK(D22),"",VLOOKUP(MOD(C22-Paramètres!$B$54,12)+1,Paramètres!$B$40:$C$52,2)&" "&(TRUNC((C22-Paramètres!$B$54+120)/12)-10+1)) -> Fa# 0 | C22: =IF(ISBLANK(D22),"",C21+1) -> 10 | D22: 1131 | E22: 1 | F22: 3.7 | G22: 2 | H22: SP-M | I22: =IF(ISBLANK(D22),"",IF(F22>0,AU22/AT22,AM22)) -> 0.60612926 | J22: =IF(ISBLANK(D22),"",IF(AQ22,"","]"&AO22&" -- "&AP22&"[")) | K22: =IF(ISBLANK(D22),"",BA22) -> -0.084334533 | L22: =IF(ISBLANK(D22),"",IF(F22>0,BF22,BF22)) -> 9.1613638e-05 | M22: =IF(ISBLANK(D22),"",IF(F22>0,"-",N22/(2^(1/12)-1))) -> - | N22: =IF(ISBLANK(D22),"",IF(F22>0,"-",1.5*L22)) -> - | O22: =IF(ISBLANK(D22),"",IF(F22>0,AU22,AK22)) -> 835.09459 | P22: =IF(ISBLANK(D22),"",IF(F22>0,AU22*G22,AL22)) -> 1670.1892 | Q22: 0.6 | R22: =IF(ISBLANK(D22),"",AT22*Q22) -> 826.65 | S22: =IF(ISBLANK(D22),"",AJ22) -> 3.6810864 | T22: =IF(ISBLANK(F22),"",ROUND(S22*10*G22,0)/10/G22) -> 3.7 | U22: =IF(F22>0,(AJ22-E22)/2,"") -> 1.3405432 | V22: =IF(F22>0,AN22,"") -> 1.4543001 | W22: =IF(F22>0,IF(U22<Paramètres!$B$5,"!!!",""),"") | X22: =IF(U22<>"",IF(U22/3>=Paramètres!$B$5,(S22-E22)/2/3,""),"") -> 0.44684773 | Y22: =IF(U22<>"",IF(U22/3>=Paramètres!$B$5,AV22,""),"") -> 0.4906388 | Z22: =IF(X22<>"",Y22*2,"") -> 0.98127761 | AC22: =INDEX('Charge de rupture par diamètre'!$C$1:$AC$1,AR22) -> Stephen Paulello France | AD22: =IF(ISBLANK(D22),"-",$A$4/16 * 2^((C22-1)/12)) -> 46.249303 | AE22: =AF22/(AF$9*SQRT(1+$L22*AF$9^2)) -> 160.07016 | AF22: =AG34 -> 320.19897 | AG22: =$AE22*AG$9*SQRT(1+$G22*AG$9^2) -> 277.24964 | AH22: =IF(AND(C22>12,F10="",AD22>$A$4),AH10*2*(1+N10),IF(AD22>=$A$4/2,AD22,AD22)) -> 46.249303 | AI22: =IF(AND(C22>12,F10="",AD22>$A$4),AH10*2*(1+N10),IF(AD22>=$A$4/2,AD22,AH34/2/(1+N22))) -> #VALUE! | AJ22: =IF(Q22>0,((R22*10^12/PI()/A22^2/D22^2-Paramètres!$B$7*E22^2)*4/PI()/Paramètres!$B$8+E22^2)^0.5,"") -> 3.6810864 | AK22: =PI()*Paramètres!$B$7*(E22*A22*D22)^2/10^12 -> 67.4769 | AL22: =AK22*G22 -> 134.9538 | AM22: =AK22/AT22 -> 0.048976157 | AN22: =(-E22+0.1*Paramètres!$B$7/E22/Paramètres!$B$8/PI()*(AW22^2-E22^2)+(E22^2+3.8*Paramètres!$B$7/Paramètres!$B$8/PI()*(AW22^2-E22^2))^0.5)/2 -> 1.4543001 | AO22: =VLOOKUP(C22,Paramètres!$C$30:$F$37,2,1) -> 0.5 | AP22: =VLOOKUP(C22,Paramètres!$C$30:$F$37,4,1) -> 0.65 | AQ22: =AND(I22>=AO22,I22<=AP22) -> TRUE | AR22: =HLOOKUP(H22,'Charge de rupture par diamètre'!$D$16:$AC$17,2,0) -> 3 | AS22: =VLOOKUP(E22,'Charge de rupture par diamètre'!$C$16:$AC$53,AR22,1) -> 1837 | AT22: =AS22*Paramètres!$B$9 -> 1377.75 | AU22: =PI()*A22^2*D22^2*(Paramètres!$B$7*E22^2+Paramètres!$B$8*PI()/4*(F22^2-E22^2))/10^12 -> 835.09459 | AV22: =0.183*(-E22+(E22^2+4*Paramètres!$B$7/PI()/Paramètres!$B$8*(AW22^2-E22^2))^0.5) -> 0.4906388 | AW22: =(R22/PI()/Paramètres!$B$7)^0.5/A22/D22*10^6 -> 3.5001227 | AX22: =Q22*VLOOKUP(H22,Paramètres!$B$15:$C$18,2,0)*Paramètres!$B$9 -> #N/A | AY22: =(AX22/PI()/Paramètres!$B$7)^0.5/A22/D22*10^6 -> #N/A | AZ22: =(IF(F22>0,(F22*F22 -E22*E22)/Paramètres!$B$7*Paramètres!$B$8,0)+E22*E22)*D22*G22 -> 35025.672 | BA22: =-1+AZ22/AZ21 -> -0.084334533 | BB22: =IF(F22>0,"",0.234*Paramètres!$B$12*10^9*IF(F22>0,E22,E22)^2/Paramètres!$B$7/A22^2/D22^4*10^6) | BC22: 2 | BD22: =BC22*SQRT(1+L22*BC22^2)-BC22 -> 0.00036642099 | BE22: =IF(F22>0,PI()^2*Paramètres!$B$12*10^9/8/O22*(E22^4+E22^2*F22^2)*10^-12/D22^2/10^-6,"-") -> 0.0034270626 | BF22: =IF(ISBLANK(D22),"-",PI()^3*E22^4*Paramètres!$B$12*10^9/64/O22/(D22/1000)^2*10^-12) -> 9.1613638e-05 | BG22: =(Paramètres!$B$12*10^9)^0.5/Paramètres!$B$7/2/D22*1000 -> 25.31124
A23: =IF(ISBLANK(D23),"-",IF(AND($A$6,$A$4/2<AD23),AG23,AD23)) -> 48.999429 | B23: =IF(ISBLANK(D23),"",VLOOKUP(MOD(C23-Paramètres!$B$54,12)+1,Paramètres!$B$40:$C$52,2)&" "&(TRUNC((C23-Paramètres!$B$54+120)/12)-10+1)) -> Sol 0 | C23: =IF(ISBLANK(D23),"",C22+1) -> 11 | D23: 1124 | E23: 1 | F23: 3.5 | G23: 2 | H23: SP-M | I23: =IF(ISBLANK(D23),"",IF(F23>0,AU23/AT23,AM23)) -> 0.60187166 | J23: =IF(ISBLANK(D23),"",IF(AQ23,"","]"&AO23&" -- "&AP23&"[")) | K23: =IF(ISBLANK(D23),"",BA23) -> -0.11167906 | L23: =IF(ISBLANK(D23),"",IF(F23>0,BF23,BF23)) -> 9.3414454e-05 | M23: =IF(ISBLANK(D23),"",IF(F23>0,"-",N23/(2^(1/12)-1))) -> - | N23: =IF(ISBLANK(D23),"",IF(F23>0,"-",1.5*L23)) -> - | O23: =IF(ISBLANK(D23),"",IF(F23>0,AU23,AK23)) -> 829.22868 | P23: =IF(ISBLANK(D23),"",IF(F23>0,AU23*G23,AL23)) -> 1658.4574 | Q23: 0.6 | R23: =IF(ISBLANK(D23),"",AT23*Q23) -> 826.65 | S23: =IF(ISBLANK(D23),"",AJ23) -> 3.4945023 | T23: =IF(ISBLANK(F23),"",ROUND(S23*10*G23,0)/10/G23) -> 3.5 | U23: =IF(F23>0,(AJ23-E23)/2,"") -> 1.2472512 | V23: =IF(F23>0,AN23,"") -> 1.3468201 | W23: =IF(F23>0,IF(U23<Paramètres!$B$5,"!!!",""),"") | X23: =IF(U23<>"",IF(U23/3>=Paramètres!$B$5,(S23-E23)/2/3,""),"") -> 0.41575039 | Y23: =IF(U23<>"",IF(U23/3>=Paramètres!$B$5,AV23,""),"") -> 0.45649393 | Z23: =IF(X23<>"",Y23*2,"") -> 0.91298786 | AC23: =INDEX('Charge de rupture par diamètre'!$C$1:$AC$1,AR23) -> Stephen Paulello France | AD23: =IF(ISBLANK(D23),"-",$A$4/16 * 2^((C23-1)/12)) -> 48.999429 | AE23: =AF23/(AF$9*SQRT(1+$L23*AF$9^2)) -> 169.59538 | AF23: =AG35 -> 339.25413 | AG23: =$AE23*AG$9*SQRT(1+$G23*AG$9^2) -> 293.74782 | AH23: =IF(AND(C23>12,F11="",AD23>$A$4),AH11*2*(1+N11),IF(AD23>=$A$4/2,AD23,AD23)) -> 48.999429 | AI23: =IF(AND(C23>12,F11="",AD23>$A$4),AH11*2*(1+N11),IF(AD23>=$A$4/2,AD23,AH35/2/(1+N23))) -> #VALUE! | AJ23: =IF(Q23>0,((R23*10^12/PI()/A23^2/D23^2-Paramètres!$B$7*E23^2)*4/PI()/Paramètres!$B$8+E23^2)^0.5,"") -> 3.4945023 | AK23: =PI()*Paramètres!$B$7*(E23*A23*D23)^2/10^12 -> 74.805615 | AL23: =AK23*G23 -> 149.61123 | AM23: =AK23/AT23 -> 0.054295493 | AN23: =(-E23+0.1*Paramètres!$B$7/E23/Paramètres!$B$8/PI()*(AW23^2-E23^2)+(E23^2+3.8*Paramètres!$B$7/Paramètres!$B$8/PI()*(AW23^2-E23^2))^0.5)/2 -> 1.3468201 | AO23: =VLOOKUP(C23,Paramètres!$C$30:$F$37,2,1) -> 0.5 | AP23: =VLOOKUP(C23,Paramètres!$C$30:$F$37,4,1) -> 0.65 | AQ23: =AND(I23>=AO23,I23<=AP23) -> TRUE | AR23: =HLOOKUP(H23,'Charge de rupture par diamètre'!$D$16:$AC$17,2,0) -> 3 | AS23: =VLOOKUP(E23,'Charge de rupture par diamètre'!$C$16:$AC$53,AR23,1) -> 1837 | AT23: =AS23*Paramètres!$B$9 -> 1377.75 | AU23: =PI()*A23^2*D23^2*(Paramètres!$B$7*E23^2+Paramètres!$B$8*PI()/4*(F23^2-E23^2))/10^12 -> 829.22868 | AV23: =0.183*(-E23+(E23^2+4*Paramètres!$B$7/PI()/Paramètres!$B$8*(AW23^2-E23^2))^0.5) -> 0.45649393 | AW23: =(R23/PI()/Paramètres!$B$7)^0.5/A23/D23*10^6 -> 3.3242504 | AX23: =Q23*VLOOKUP(H23,Paramètres!$B$15:$C$18,2,0)*Paramètres!$B$9 -> #N/A | AY23: =(AX23/PI()/Paramètres!$B$7)^0.5/A23/D23*10^6 -> #N/A | AZ23: =(IF(F23>0,(F23*F23 -E23*E23)/Paramètres!$B$7*Paramètres!$B$8,0)+E23*E23)*D23*G23 -> 31114.038 | BA23: =-1+AZ23/AZ22 -> -0.11167906 | BB23: =IF(F23>0,"",0.234*Paramètres!$B$12*10^9*IF(F23>0,E23,E23)^2/Paramètres!$B$7/A23^2/D23^4*10^6) | BC23: 2 | BD23: =BC23*SQRT(1+L23*BC23^2)-BC23 -> 0.00037362292 | BE23: =IF(F23>0,PI()^2*Paramètres!$B$12*10^9/8/O23*(E23^4+E23^2*F23^2)*10^-12/D23^2/10^-6,"-") -> 0.0031518829 | BF23: =IF(ISBLANK(D23),"-",PI()^3*E23^4*Paramètres!$B$12*10^9/64/O23/(D23/1000)^2*10^-12) -> 9.3414454e-05 | BG23: =(Paramètres!$B$12*10^9)^0.5/Paramètres!$B$7/2/D23*1000 -> 25.468873
A24: =IF(ISBLANK(D24),"-",IF(AND($A$6,$A$4/2<AD24),AG24,AD24)) -> 51.913087 | B24: =IF(ISBLANK(D24),"",VLOOKUP(MOD(C24-Paramètres!$B$54,12)+1,Paramètres!$B$40:$C$52,2)&" "&(TRUNC((C24-Paramètres!$B$54+120)/12)-10+1)) -> Sol# 0 | C24: =IF(ISBLANK(D24),"",C23+1) -> 12 | D24: 1115 | E24: 1 | F24: 3.3 | G24: 2 | H24: SP-M | I24: =IF(ISBLANK(D24),"",IF(F24>0,AU24/AT24,AM24)) -> 0.59168532 | J24: =IF(ISBLANK(D24),"",IF(AQ24,"","]"&AO24&" -- "&AP24&"[")) | K24: =IF(ISBLANK(D24),"",BA24) -> -0.11926371 | L24: =IF(ISBLANK(D24),"",IF(F24>0,BF24,BF24)) -> 9.6562848e-05 | M24: =IF(ISBLANK(D24),"",IF(F24>0,"-",N24/(2^(1/12)-1))) -> - | N24: =IF(ISBLANK(D24),"",IF(F24>0,"-",1.5*L24)) -> - | O24: =IF(ISBLANK(D24),"",IF(F24>0,AU24,AK24)) -> 815.19445 | P24: =IF(ISBLANK(D24),"",IF(F24>0,AU24*G24,AL24)) -> 1630.3889 | Q24: 0.6 | R24: =IF(ISBLANK(D24),"",AT24*Q24) -> 826.65 | S24: =IF(ISBLANK(D24),"",AJ24) -> 3.32335 | T24: =IF(ISBLANK(F24),"",ROUND(S24*10*G24,0)/10/G24) -> 3.3 | U24: =IF(F24>0,(AJ24-E24)/2,"") -> 1.161675 | V24: =IF(F24>0,AN24,"") -> 1.249013 | W24: =IF(F24>0,IF(U24<Paramètres!$B$5,"!!!",""),"") | X24: =IF(U24<>"",IF(U24/3>=Paramètres!$B$5,(S24-E24)/2/3,""),"") -> 0.387225 | Y24: =IF(U24<>"",IF(U24/3>=Paramètres!$B$5,AV24,""),"") -> 0.42517305 | Z24: =IF(X24<>"",Y24*2,"") -> 0.85034611 | AC24: =INDEX('Charge de rupture par diamètre'!$C$1:$AC$1,AR24) -> Stephen Paulello France | AD24: =IF(ISBLANK(D24),"-",$A$4/16 * 2^((C24-1)/12)) -> 51.913087 | AE24: =AF24/(AF$9*SQRT(1+$L24*AF$9^2)) -> 179.67684 | AF24: =AG36 -> 359.42307 | AG24: =$AE24*AG$9*SQRT(1+$G24*AG$9^2) -> 311.20941 | AH24: =IF(AND(C24>12,F12="",AD24>$A$4),AH12*2*(1+N12),IF(AD24>=$A$4/2,AD24,AD24)) -> 51.913087 | AI24: =IF(AND(C24>12,F12="",AD24>$A$4),AH12*2*(1+N12),IF(AD24>=$A$4/2,AD24,AH36/2/(1+N24))) -> #VALUE! | AJ24: =IF(Q24>0,((R24*10^12/PI()/A24^2/D24^2-Paramètres!$B$7*E24^2)*4/PI()/Paramètres!$B$8+E24^2)^0.5,"") -> 3.32335 | AK24: =PI()*Paramètres!$B$7*(E24*A24*D24)^2/10^12 -> 82.627189 | AL24: =AK24*G24 -> 165.25438 | AM24: =AK24/AT24 -> 0.059972556 | AN24: =(-E24+0.1*Paramètres!$B$7/E24/Paramètres!$B$8/PI()*(AW24^2-E24^2)+(E24^2+3.8*Paramètres!$B$7/Paramètres!$B$8/PI()*(AW24^2-E24^2))^0.5)/2 -> 1.249013 | AO24: =VLOOKUP(C24,Paramètres!$C$30:$F$37,2,1) -> 0.5 | AP24: =VLOOKUP(C24,Paramètres!$C$30:$F$37,4,1) -> 0.65 | AQ24: =AND(I24>=AO24,I24<=AP24) -> TRUE | AR24: =HLOOKUP(H24,'Charge de rupture par diamètre'!$D$16:$AC$17,2,0) -> 3 | AS24: =VLOOKUP(E24,'Charge de rupture par diamètre'!$C$16:$AC$53,AR24,1) -> 1837 | AT24: =AS24*Paramètres!$B$9 -> 1377.75 | AU24: =PI()*A24^2*D24^2*(Paramètres!$B$7*E24^2+Paramètres!$B$8*PI()/4*(F24^2-E24^2))/10^12 -> 815.19445 | AV24: =0.183*(-E24+(E24^2+4*Paramètres!$B$7/PI()/Paramètres!$B$8*(AW24^2-E24^2))^0.5) -> 0.42517305 | AW24: =(R24/PI()/Paramètres!$B$7)^0.5/A24/D24*10^6 -> 3.1630011 | AX24: =Q24*VLOOKUP(H24,Paramètres!$B$15:$C$18,2,0)*Paramètres!$B$9 -> #N/A | AY24: =(AX24/PI()/Paramètres!$B$7)^0.5/A24/D24*10^6 -> #N/A | AZ24: =(IF(F24>0,(F24*F24 -E24*E24)/Paramètres!$B$7*Paramètres!$B$8,0)+E24*E24)*D24*G24 -> 27403.263 | BA24: =-1+AZ24/AZ23 -> -0.11926371 | BB24: =IF(F24>0,"",0.234*Paramètres!$B$12*10^9*IF(F24>0,E24,E24)^2/Paramètres!$B$7/A24^2/D24^4*10^6) | BC24: 2 | BD24: =BC24*SQRT(1+L24*BC24^2)-BC24 -> 0.0003862141 | BE24: =IF(F24>0,PI()^2*Paramètres!$B$12*10^9/8/O24*(E24^4+E24^2*F24^2)*10^-12/D24^2/10^-6,"-") -> 0.0029236948 | BF24: =IF(ISBLANK(D24),"-",PI()^3*E24^4*Paramètres!$B$12*10^9/64/O24/(D24/1000)^2*10^-12) -> 9.6562848e-05 | BG24: =(Paramètres!$B$12*10^9)^0.5/Paramètres!$B$7/2/D24*1000 -> 25.674451
A25: =IF(ISBLANK(D25),"-",IF(AND($A$6,$A$4/2<AD25),AG25,AD25)) -> 55 | B25: =IF(ISBLANK(D25),"",VLOOKUP(MOD(C25-Paramètres!$B$54,12)+1,Paramètres!$B$40:$C$52,2)&" "&(TRUNC((C25-Paramètres!$B$54+120)/12)-10+1)) -> La 0 | C25: =IF(ISBLANK(D25),"",C24+1) -> 13 | D25: 1106 | E25: 1 | F25: 3.15 | G25: 2 | H25: SP-M | I25: =IF(ISBLANK(D25),"",IF(F25>0,AU25/AT25,AM25)) -> 0.59601942 | J25: =IF(ISBLANK(D25),"",IF(AQ25,"","]"&AO25&" -- "&AP25&"[")) | K25: =IF(ISBLANK(D25),"",BA25) -> -0.097211656 | L25: =IF(ISBLANK(D25),"",IF(F25>0,BF25,BF25)) -> 9.7427134e-05 | M25: =IF(ISBLANK(D25),"",IF(F25>0,"-",N25/(2^(1/12)-1))) -> - | N25: =IF(ISBLANK(D25),"",IF(F25>0,"-",1.5*L25)) -> - | O25: =IF(ISBLANK(D25),"",IF(F25>0,AU25,AK25)) -> 821.16576 | P25: =IF(ISBLANK(D25),"",IF(F25>0,AU25*G25,AL25)) -> 1642.3315 | Q25: 0.6 | R25: =IF(ISBLANK(D25),"",AT25*Q25) -> 826.65 | S25: =IF(ISBLANK(D25),"",AJ25) -> 3.1606233 | T25: =IF(ISBLANK(F25),"",ROUND(S25*10*G25,0)/10/G25) -> 3.15 | U25: =IF(F25>0,(AJ25-E25)/2,"") -> 1.0803117 | V25: =IF(F25>0,AN25,"") -> 1.1567189 | W25: =IF(F25>0,IF(U25<Paramètres!$B$5,"!!!",""),"") | X25: =IF(U25<>"",IF(U25/3>=Paramètres!$B$5,(S25-E25)/2/3,""),"") -> 0.36010389 | Y25: =IF(U25<>"",IF(U25/3>=Paramètres!$B$5,AV25,""),"") -> 0.39539407 | Z25: =IF(X25<>"",Y25*2,"") -> 0.79078814 | AC25: =INDEX('Charge de rupture par diamètre'!$C$1:$AC$1,AR25) -> Stephen Paulello France | AD25: =IF(ISBLANK(D25),"-",$A$4/16 * 2^((C25-1)/12)) -> 55 | AE25: =AF25/(AF$9*SQRT(1+$L25*AF$9^2)) -> 95.192779 | AF25: =AG37 -> 190.42265 | AG25: =$AE25*AG$9*SQRT(1+$G25*AG$9^2) -> 164.87873 | AH25: =IF(AND(C25>12,F13="",AD25>$A$4),AH13*2*(1+N13),IF(AD25>=$A$4/2,AD25,AD25)) -> 55 | AI25: =IF(AND(C25>12,F13="",AD25>$A$4),AH13*2*(1+N13),IF(AD25>=$A$4/2,AD25,AH37/2/(1+N25))) -> #VALUE! | AJ25: =IF(Q25>0,((R25*10^12/PI()/A25^2/D25^2-Paramètres!$B$7*E25^2)*4/PI()/Paramètres!$B$8+E25^2)^0.5,"") -> 3.1606233 | AK25: =PI()*Paramètres!$B$7*(E25*A25*D25)^2/10^12 -> 91.254683 | AL25: =AK25*G25 -> 182.50937 | AM25: =AK25/AT25 -> 0.066234573 | AN25: =(-E25+0.1*Paramètres!$B$7/E25/Paramètres!$B$8/PI()*(AW25^2-E25^2)+(E25^2+3.8*Paramètres!$B$7/Paramètres!$B$8/PI()*(AW25^2-E25^2))^0.5)/2 -> 1.1567189 | AO25: =VLOOKUP(C25,Paramètres!$C$30:$F$37,2,1) -> 0.5 | AP25: =VLOOKUP(C25,Paramètres!$C$30:$F$37,4,1) -> 0.65 | AQ25: =AND(I25>=AO25,I25<=AP25) -> TRUE | AR25: =HLOOKUP(H25,'Charge de rupture par diamètre'!$D$16:$AC$17,2,0) -> 3 | AS25: =VLOOKUP(E25,'Charge de rupture par diamètre'!$C$16:$AC$53,AR25,1) -> 1837 | AT25: =AS25*Paramètres!$B$9 -> 1377.75 | AU25: =PI()*A25^2*D25^2*(Paramètres!$B$7*E25^2+Paramètres!$B$8*PI()/4*(F25^2-E25^2))/10^12 -> 821.16576 | AV25: =0.183*(-E25+(E25^2+4*Paramètres!$B$7/PI()/Paramètres!$B$8*(AW25^2-E25^2))^0.5) -> 0.39539407 | AW25: =(R25/PI()/Paramètres!$B$7)^0.5/A25/D25*10^6 -> 3.0097696 | AX25: =Q25*VLOOKUP(H25,Paramètres!$B$15:$C$18,2,0)*Paramètres!$B$9 -> #N/A | AY25: =(AX25/PI()/Paramètres!$B$7)^0.5/A25/D25*10^6 -> #N/A | AZ25: =(IF(F25>0,(F25*F25 -E25*E25)/Paramètres!$B$7*Paramètres!$B$8,0)+E25*E25)*D25*G25 -> 24739.346 | BA25: =-1+AZ25/AZ24 -> -0.097211656 | BB25: =IF(F25>0,"",0.234*Paramètres!$B$12*10^9*IF(F25>0,E25,E25)^2/Paramètres!$B$7/A25^2/D25^4*10^6) | BC25: 2 | BD25: =BC25*SQRT(1+L25*BC25^2)-BC25 -> 0.00038967058 | BE25: =IF(F25>0,PI()^2*Paramètres!$B$12*10^9/8/O25*(E25^4+E25^2*F25^2)*10^-12/D25^2/10^-6,"-") -> 0.0027098303 | BF25: =IF(ISBLANK(D25),"-",PI()^3*E25^4*Paramètres!$B$12*10^9/64/O25/(D25/1000)^2*10^-12) -> 9.7427134e-05 | BG25: =(Paramètres!$B$12*10^9)^0.5/Paramètres!$B$7/2/D25*1000 -> 25.883375
... A40: =IF(ISBLANK(D40),"-",IF(AND($A$6,$A$4/2<AD40),AG40,AD40)) -> 130.81278 | B40: =IF(ISBLANK(D40),"",VLOOKUP(MOD(C40-Paramètres!$B$54,12)+1,Paramètres!$B$40:$C$52,2)&" "&(TRUNC((C40-Paramètres!$B$54+120)/12)-10+1)) -> Do 2 | C40: =IF(ISBLANK(D40),"",C39+1) -> 28 | D40: 896 | E40: 1 | F40: 1.6 | G40: 2 | H40: SP-M | I40: =IF(ISBLANK(D40),"",IF(F40>0,AU40/AT40,AM40)) -> 0.58979298 | J40: =IF(ISBLANK(D40),"",IF(AQ40,"","]"&AO40&" -- "&AP40&"[")) | K40: =IF(ISBLANK(D40),"",BA40) -> -0.089956472 | L40: =IF(ISBLANK(D40),"",IF(F40>0,BF40,BF40)) -> 0.0001500151 | M40: =IF(ISBLANK(D40),"",IF(F40>0,"-",N40/(2^(1/12)-1))) -> - | N40: =IF(ISBLANK(D40),"",IF(F40>0,"-",1.5*L40)) -> - | O40: =IF(ISBLANK(D40),"",IF(F40>0,AU40,AK40)) -> 812.58728 | P40: =IF(ISBLANK(D40),"",IF(F40>0,AU40*G40,AL40)) -> 1625.1746 | Q40: 0.6 | R40: =IF(ISBLANK(D40),"",AT40*Q40) -> 826.65 | S40: =IF(ISBLANK(D40),"",AJ40) -> 1.6144047 | T40: =IF(ISBLANK(F40),"",ROUND(S40*10*G40,0)/10/G40) -> 1.6 | U40: =IF(F40>0,(AJ40-E40)/2,"") -> 0.30720236 | V40: =IF(F40>0,AN40,"") -> 0.31474655 | W40: =IF(F40>0,IF(U40<Paramètres!$B$5,"!!!",""),"") | X40: =IF(U40<>"",IF(U40/3>=Paramètres!$B$5,(S40-E40)/2/3,""),"") | Y40: =IF(U40<>"",IF(U40/3>=Paramètres!$B$5,AV40,""),"") | Z40: =IF(X40<>"",Y40*2,"") | AC40: =INDEX('Charge de rupture par diamètre'!$C$1:$AC$1,AR40) -> Stephen Paulello France | AD40: =IF(ISBLANK(D40),"-",$A$4/16 * 2^((C40-1)/12)) -> 130.81278 | AE40: =AF40/(AF$9*SQRT(1+$L40*AF$9^2)) -> 130.74686 | AF40: =AG52 -> 261.57216 | AG40: =$AE40*AG$9*SQRT(1+$G40*AG$9^2) -> 226.4602 | AH40: =IF(AND(C40>12,F28="",AD40>$A$4),AH28*2*(1+N28),IF(AD40>=$A$4/2,AD40,AD40)) -> 130.81278 | AI40: =IF(AND(C40>12,F28="",AD40>$A$4),AH28*2*(1+N28),IF(AD40>=$A$4/2,AD40,AH52/2/(1+N40))) -> #VALUE! | AJ40: =IF(Q40>0,((R40*10^12/PI()/A40^2/D40^2-Paramètres!$B$7*E40^2)*4/PI()/Paramètres!$B$8+E40^2)^0.5,"") -> 1.6144047 | AK40: =PI()*Paramètres!$B$7*(E40*A40*D40)^2/10^12 -> 338.79416 | AL40: =AK40*G40 -> 677.58832 | AM40: =AK40/AT40 -> 0.24590395 | AN40: =(-E40+0.1*Paramètres!$B$7/E40/Paramètres!$B$8/PI()*(AW40^2-E40^2)+(E40^2+3.8*Paramètres!$B$7/Paramètres!$B$8/PI()*(AW40^2-E40^2))^0.5)/2 -> 0.31474655 | AO40: =VLOOKUP(C40,Paramètres!$C$30:$F$37,2,1) -> 0.5 | AP40: =VLOOKUP(C40,Paramètres!$C$30:$F$37,4,1) -> 0.65 | AQ40: =AND(I40>=AO40,I40<=AP40) -> TRUE | AR40: =HLOOKUP(H40,'Charge de rupture par diamètre'!$D$16:$AC$17,2,0) -> 3 | AS40: =VLOOKUP(E40,'Charge de rupture par diamètre'!$C$16:$AC$53,AR40,1) -> 1837 | AT40: =AS40*Paramètres!$B$9 -> 1377.75 | AU40: =PI()*A40^2*D40^2*(Paramètres!$B$7*E40^2+Paramètres!$B$8*PI()/4*(F40^2-E40^2))/10^12 -> 812.58728 | AV40: =0.183*(-E40+(E40^2+4*Paramètres!$B$7/PI()/Paramètres!$B$8*(AW40^2-E40^2))^0.5) -> 0.11243606 | AW40: =(R40/PI()/Paramètres!$B$7)^0.5/A40/D40*10^6 -> 1.5620426 | AX40: =Q40*VLOOKUP(H40,Paramètres!$B$15:$C$18,2,0)*Paramètres!$B$9 -> #N/A | AY40: =(AX40/PI()/Paramètres!$B$7)^0.5/A40/D40*10^6 -> #N/A | AZ40: =(IF(F40>0,(F40*F40 -E40*E40)/Paramètres!$B$7*Paramètres!$B$8,0)+E40*E40)*D40*G40 -> 4982.8101 | BA40: =-1+AZ40/AZ39 -> -0.089956472 | BB40: =IF(F40>0,"",0.234*Paramètres!$B$12*10^9*IF(F40>0,E40,E40)^2/Paramètres!$B$7/A40^2/D40^4*10^6) | BC40: 2 | BD40: =BC40*SQRT(1+L40*BC40^2)-BC40 -> 0.00059997041 | BE40: =IF(F40>0,PI()^2*Paramètres!$B$12*10^9/8/O40*(E40^4+E40^2*F40^2)*10^-12/D40^2/10^-6,"-") -> 0.0013599567 | BF40: =IF(ISBLANK(D40),"-",PI()^3*E40^4*Paramètres!$B$12*10^9/64/O40/(D40/1000)^2*10^-12) -> 0.0001500151 | BG40: =(Paramètres!$B$12*10^9)^0.5/Paramètres!$B$7/2/D40*1000 -> 31.949791
A41: =IF(ISBLANK(D41),"-",IF(AND($A$6,$A$4/2<AD41),AG41,AD41)) -> 138.59132 | B41: =IF(ISBLANK(D41),"",VLOOKUP(MOD(C41-Paramètres!$B$54,12)+1,Paramètres!$B$40:$C$52,2)&" "&(TRUNC((C41-Paramètres!$B$54+120)/12)-10+1)) -> Do# 2 | C41: =IF(ISBLANK(D41),"",C40+1) -> 29 | D41: 1010 | E41: 1.15 | G41: 3 | H41: SP-1 | I41: =IF(ISBLANK(D41),"",IF(F41>0,AU41/AT41,AM41)) -> 0.56204298 | J41: =IF(ISBLANK(D41),"",IF(AQ41,"","]"&AO41&" -- "&AP41&"[")) | K41: =IF(ISBLANK(D41),"",BA41) -> -0.19580018 | L41: =IF(ISBLANK(D41),"",IF(F41>0,BF41,BF41)) -> 0.00026256669 | M41: =IF(ISBLANK(D41),"",IF(F41>0,"-",N41/(2^(1/12)-1))) -> 0.0066234367 | N41: =IF(ISBLANK(D41),"",IF(F41>0,"-",1.5*L41)) -> 0.00039385004 | O41: =IF(ISBLANK(D41),"",IF(F41>0,AU41,AK41)) -> 639.04287 | P41: =IF(ISBLANK(D41),"",IF(F41>0,AU41*G41,AL41)) -> 1917.1286 | Q41: 0.55 | R41: =IF(ISBLANK(D41),"",AT41*Q41) -> 625.35 | S41: =IF(ISBLANK(D41),"",AJ41) -> 1.1361732 | T41: =IF(ISBLANK(F41),"",ROUND(S41*10*G41,0)/10/G41) | U41: =IF(F41>0,(AJ41-E41)/2,"") | V41: =IF(F41>0,AN41,"") | W41: =IF(F41>0,IF(U41<Paramètres!$B$5,"!!!",""),"") | X41: =IF(U41<>"",IF(U41/3>=Paramètres!$B$5,(S41-E41)/2/3,""),"") | Y41: =IF(U41<>"",IF(U41/3>=Paramètres!$B$5,AV41,""),"") | Z41: =IF(X41<>"",Y41*2,"") | AC41: =INDEX('Charge de rupture par diamètre'!$C$1:$AC$1,AR41) -> Stephen Paulello France | AD41: =IF(ISBLANK(D41),"-",$A$4/16 * 2^((C41-1)/12)) -> 138.59132 | AE41: =AF41/(AF$9*SQRT(1+$L41*AF$9^2)) -> 138.49346 | AF41: =AG53 -> 277.13233 | AG41: =$AE41*AG$9*SQRT(1+$G41*AG$9^2) -> 276.98692 | AH41: =IF(AND(C41>12,F29="",AD41>$A$4),AH29*2*(1+N29),IF(AD41>=$A$4/2,AD41,AD41)) -> 138.59132 | AI41: =IF(AND(C41>12,F29="",AD41>$A$4),AH29*2*(1+N29),IF(AD41>=$A$4/2,AD41,AH53/2/(1+N41))) -> 138.53675 | AJ41: =IF(Q41>0,((R41*10^12/PI()/A41^2/D41^2-Paramètres!$B$7*E41^2)*4/PI()/Paramètres!$B$8+E41^2)^0.5,"") -> 1.1361732 | AK41: =PI()*Paramètres!$B$7*(E41*A41*D41)^2/10^12 -> 639.04287 | AL41: =AK41*G41 -> 1917.1286 | AM41: =AK41/AT41 -> 0.56204298 | AN41: =(-E41+0.1*Paramètres!$B$7/E41/Paramètres!$B$8/PI()*(AW41^2-E41^2)+(E41^2+3.8*Paramètres!$B$7/Paramètres!$B$8/PI()*(AW41^2-E41^2))^0.5)/2 -> -0.0069093417 | AO41: =VLOOKUP(C41,Paramètres!$C$30:$F$37,2,1) -> 0.5 | AP41: =VLOOKUP(C41,Paramètres!$C$30:$F$37,4,1) -> 0.65 | AQ41: =AND(I41>=AO41,I41<=AP41) -> TRUE | AR41: =HLOOKUP(H41,'Charge de rupture par diamètre'!$D$16:$AC$17,2,0) -> 5 | AS41: =VLOOKUP(E41,'Charge de rupture par diamètre'!$C$16:$AC$53,AR41,1) -> 1516 | AT41: =AS41*Paramètres!$B$9 -> 1137 | AU41: =PI()*A41^2*D41^2*(Paramètres!$B$7*E41^2+Paramètres!$B$8*PI()/4*(F41^2-E41^2))/10^12 -> 66.170036 | AV41: =0.183*(-E41+(E41^2+4*Paramètres!$B$7/PI()/Paramètres!$B$8*(AW41^2-E41^2))^0.5) -> -0.0025303105 | AW41: =(R41/PI()/Paramètres!$B$7)^0.5/A41/D41*10^6 -> 1.1376127 | AX41: =Q41*VLOOKUP(H41,Paramètres!$B$15:$C$18,2,0)*Paramètres!$B$9 -> #N/A | AY41: =(AX41/PI()/Paramètres!$B$7)^0.5/A41/D41*10^6 -> #N/A | AZ41: =(IF(F41>0,(F41*F41 -E41*E41)/Paramètres!$B$7*Paramètres!$B$8,0)+E41*E41)*D41*G41 -> 4007.175 | BA41: =-1+AZ41/AZ40 -> -0.19580018 | BB41: =IF(F41>0,"",0.234*Paramètres!$B$12*10^9*IF(F41>0,E41,E41)^2/Paramètres!$B$7/A41^2/D41^4*10^6) -> 0.00039841504 | BC41: 2 | BD41: =BC41*SQRT(1+L41*BC41^2)-BC41 -> 0.0010499912 | BE41: =IF(F41>0,PI()^2*Paramètres!$B$12*10^9/8/O41*(E41^4+E41^2*F41^2)*10^-12/D41^2/10^-6,"-") -> - | BF41: =IF(ISBLANK(D41),"-",PI()^3*E41^4*Paramètres!$B$12*10^9/64/O41/(D41/1000)^2*10^-12) -> 0.00026256669 | BG41: =(Paramètres!$B$12*10^9)^0.5/Paramètres!$B$7/2/D41*1000 -> 28.343577
A42: =IF(ISBLANK(D42),"-",IF(AND($A$6,$A$4/2<AD42),AG42,AD42)) -> 146.83238 | B42: =IF(ISBLANK(D42),"",VLOOKUP(MOD(C42-Paramètres!$B$54,12)+1,Paramètres!$B$40:$C$52,2)&" "&(TRUNC((C42-Paramètres!$B$54+120)/12)-10+1)) -> Ré 2 | C42: =IF(ISBLANK(D42),"",C41+1) -> 30 | D42: 990 | E42: 1.15 | G42: 3 | H42: SP-1 | I42: =IF(ISBLANK(D42),"",IF(F42>0,AU42/AT42,AM42)) -> 0.60613426 | J42: =IF(ISBLANK(D42),"",IF(AQ42,"","]"&AO42&" -- "&AP42&"[")) | K42: =IF(ISBLANK(D42),"",BA42) -> -0.01980198 | L42: =IF(ISBLANK(D42),"",IF(F42>0,BF42,BF42)) -> 0.00025340355 | M42: =IF(ISBLANK(D42),"",IF(F42>0,"-",N42/(2^(1/12)-1))) -> 0.0063922896 | N42: =IF(ISBLANK(D42),"",IF(F42>0,"-",1.5*L42)) -> 0.00038010532 | O42: =IF(ISBLANK(D42),"",IF(F42>0,AU42,AK42)) -> 689.17466 | P42: =IF(ISBLANK(D42),"",IF(F42>0,AU42*G42,AL42)) -> 2067.524 | Q42: 0.55 | R42: =IF(ISBLANK(D42),"",AT42*Q42) -> 625.35 | S42: =IF(ISBLANK(D42),"",AJ42) -> 1.0889794 | T42: =IF(ISBLANK(F42),"",ROUND(S42*10*G42,0)/10/G42) | U42: =IF(F42>0,(AJ42-E42)/2,"") | V42: =IF(F42>0,AN42,"") | W42: =IF(F42>0,IF(U42<Paramètres!$B$5,"!!!",""),"") | X42: =IF(U42<>"",IF(U42/3>=Paramètres!$B$5,(S42-E42)/2/3,""),"") | Y42: =IF(U42<>"",IF(U42/3>=Paramètres!$B$5,AV42,""),"") | Z42: =IF(X42<>"",Y42*2,"") | AC42: =INDEX('Charge de rupture par diamètre'!$C$1:$AC$1,AR42) -> Stephen Paulello France | AD42: =IF(ISBLANK(D42),"-",$A$4/16 * 2^((C42-1)/12)) -> 146.83238 | AE42: =AF42/(AF$9*SQRT(1+$L42*AF$9^2)) -> 146.73472 | AF42: =AG54 -> 293.61814 | AG42: =$AE42*AG$9*SQRT(1+$G42*AG$9^2) -> 293.46945 | AH42: =IF(AND(C42>12,F30="",AD42>$A$4),AH30*2*(1+N30),IF(AD42>=$A$4/2,AD42,AD42)) -> 146.83238 | AI42: =IF(AND(C42>12,F30="",AD42>$A$4),AH30*2*(1+N30),IF(AD42>=$A$4/2,AD42,AH54/2/(1+N42))) -> 146.77659 | AJ42: =IF(Q42>0,((R42*10^12/PI()/A42^2/D42^2-Paramètres!$B$7*E42^2)*4/PI()/Paramètres!$B$8+E42^2)^0.5,"") -> 1.0889794 | AK42: =PI()*Paramètres!$B$7*(E42*A42*D42)^2/10^12 -> 689.17466 | AL42: =AK42*G42 -> 2067.524 | AM42: =AK42/AT42 -> 0.60613426 | AN42: =(-E42+0.1*Paramètres!$B$7/E42/Paramètres!$B$8/PI()*(AW42^2-E42^2)+(E42^2+3.8*Paramètres!$B$7/Paramètres!$B$8/PI()*(AW42^2-E42^2))^0.5)/2 -> -0.030429343 | AO42: =VLOOKUP(C42,Paramètres!$C$30:$F$37,2,1) -> 0.5 | AP42: =VLOOKUP(C42,Paramètres!$C$30:$F$37,4,1) -> 0.65 | AQ42: =AND(I42>=AO42,I42<=AP42) -> TRUE | AR42: =HLOOKUP(H42,'Charge de rupture par diamètre'!$D$16:$AC$17,2,0) -> 5 | AS42: =VLOOKUP(E42,'Charge de rupture par diamètre'!$C$16:$AC$53,AR42,1) -> 1516 | AT42: =AS42*Paramètres!$B$9 -> 1137 | AU42: =PI()*A42^2*D42^2*(Paramètres!$B$7*E42^2+Paramètres!$B$8*PI()/4*(F42^2-E42^2))/10^12 -> 71.360959 | AV42: =0.183*(-E42+(E42^2+4*Paramètres!$B$7/PI()/Paramètres!$B$8*(AW42^2-E42^2))^0.5) -> -0.011166772 | AW42: =(R42/PI()/Paramètres!$B$7)^0.5/A42/D42*10^6 -> 1.0954556 | AX42: =Q42*VLOOKUP(H42,Paramètres!$B$15:$C$18,2,0)*Paramètres!$B$9 -> #N/A | AY42: =(AX42/PI()/Paramètres!$B$7)^0.5/A42/D42*10^6 -> #N/A | AZ42: =(IF(F42>0,(F42*F42 -E42*E42)/Paramètres!$B$7*Paramètres!$B$8,0)+E42*E42)*D42*G42 -> 3927.825 | BA42: =-1+AZ42/AZ41 -> -0.01980198 | BB42: =IF(F42>0,"",0.234*Paramètres!$B$12*10^9*IF(F42>0,E42,E42)^2/Paramètres!$B$7/A42^2/D42^4*10^6) -> 0.000384511 | BC42: 2 | BD42: =BC42*SQRT(1+L42*BC42^2)-BC42 -> 0.0010133575 | BE42: =IF(F42>0,PI()^2*Paramètres!$B$12*10^9/8/O42*(E42^4+E42^2*F42^2)*10^-12/D42^2/10^-6,"-") -> - | BF42: =IF(ISBLANK(D42),"-",PI()^3*E42^4*Paramètres!$B$12*10^9/64/O42/(D42/1000)^2*10^-12) -> 0.00025340355 | BG42: =(Paramètres!$B$12*10^9)^0.5/Paramètres!$B$7/2/D42*1000 -> 28.916175
A43: =IF(ISBLANK(D43),"-",IF(AND($A$6,$A$4/2<AD43),AG43,AD43)) -> 155.56349 | B43: =IF(ISBLANK(D43),"",VLOOKUP(MOD(C43-Paramètres!$B$54,12)+1,Paramètres!$B$40:$C$52,2)&" "&(TRUNC((C43-Paramètres!$B$54+120)/12)-10+1)) -> Ré# 2 | C43: =IF(ISBLANK(D43),"",C42+1) -> 31 | D43: 968 | E43: 1.1 | G43: 3 | H43: SP-1 | I43: =IF(ISBLANK(D43),"",IF(F43>0,AU43/AT43,AM43)) -> 0.63313286 | J43: =IF(ISBLANK(D43),"",IF(AQ43,"","]"&AO43&" -- "&AP43&"[")) | K43: =IF(ISBLANK(D43),"",BA43) -> -0.10539803 | L43: =IF(ISBLANK(D43),"",IF(F43>0,BF43,BF43)) -> 0.00022598003 | M43: =IF(ISBLANK(D43),"",IF(F43>0,"-",N43/(2^(1/12)-1))) -> 0.0057005113 | N43: =IF(ISBLANK(D43),"",IF(F43>0,"-",1.5*L43)) -> 0.00033897004 | O43: =IF(ISBLANK(D43),"",IF(F43>0,AU43,AK43)) -> 676.66074 | P43: =IF(ISBLANK(D43),"",IF(F43>0,AU43*G43,AL43)) -> 2029.9822 | Q43: 0.55 | R43: =IF(ISBLANK(D43),"",AT43*Q43) -> 587.8125 | S43: =IF(ISBLANK(D43),"",AJ43) -> 1.0162534 | T43: =IF(ISBLANK(F43),"",ROUND(S43*10*G43,0)/10/G43) | U43: =IF(F43>0,(AJ43-E43)/2,"") | V43: =IF(F43>0,AN43,"") | W43: =IF(F43>0,IF(U43<Paramètres!$B$5,"!!!",""),"") | X43: =IF(U43<>"",IF(U43/3>=Paramètres!$B$5,(S43-E43)/2/3,""),"") | Y43: =IF(U43<>"",IF(U43/3>=Paramètres!$B$5,AV43,""),"") | Z43: =IF(X43<>"",Y43*2,"") | AC43: =INDEX('Charge de rupture par diamètre'!$C$1:$AC$1,AR43) -> Stephen Paulello France | AD43: =IF(ISBLANK(D43),"-",$A$4/16 * 2^((C43-1)/12)) -> 155.56349 | AE43: =AF43/(AF$9*SQRT(1+$L43*AF$9^2)) -> 155.47207 | AF43: =AG55 -> 311.08464 | AG43: =$AE43*AG$9*SQRT(1+$G43*AG$9^2) -> 310.94414 | AH43: =IF(AND(C43>12,F31="",AD43>$A$4),AH31*2*(1+N31),IF(AD43>=$A$4/2,AD43,AD43)) -> 155.56349 | AI43: =IF(AND(C43>12,F31="",AD43>$A$4),AH31*2*(1+N31),IF(AD43>=$A$4/2,AD43,AH55/2/(1+N43))) -> 155.51078 | AJ43: =IF(Q43>0,((R43*10^12/PI()/A43^2/D43^2-Paramètres!$B$7*E43^2)*4/PI()/Paramètres!$B$8+E43^2)^0.5,"") -> 1.0162534 | AK43: =PI()*Paramètres!$B$7*(E43*A43*D43)^2/10^12 -> 676.66074 | AL43: =AK43*G43 -> 2029.9822 | AM43: =AK43/AT43 -> 0.63313286 | AN43: =(-E43+0.1*Paramètres!$B$7/E43/Paramètres!$B$8/PI()*(AW43^2-E43^2)+(E43^2+3.8*Paramètres!$B$7/Paramètres!$B$8/PI()*(AW43^2-E43^2))^0.5)/2 -> -0.041712005 | AO43: =VLOOKUP(C43,Paramètres!$C$30:$F$37,2,1) -> 0.5 | AP43: =VLOOKUP(C43,Paramètres!$C$30:$F$37,4,1) -> 0.65 | AQ43: =AND(I43>=AO43,I43<=AP43) -> TRUE | AR43: =HLOOKUP(H43,'Charge de rupture par diamètre'!$D$16:$AC$17,2,0) -> 5 | AS43: =VLOOKUP(E43,'Charge de rupture par diamètre'!$C$16:$AC$53,AR43,1) -> 1425 | AT43: =AS43*Paramètres!$B$9 -> 1068.75 | AU43: =PI()*A43^2*D43^2*(Paramètres!$B$7*E43^2+Paramètres!$B$8*PI()/4*(F43^2-E43^2))/10^12 -> 70.065199 | AV43: =0.183*(-E43+(E43^2+4*Paramètres!$B$7/PI()/Paramètres!$B$8*(AW43^2-E43^2))^0.5) -> -0.015325633 | AW43: =(R43/PI()/Paramètres!$B$7)^0.5/A43/D43*10^6 -> 1.0252425 | AX43: =Q43*VLOOKUP(H43,Paramètres!$B$15:$C$18,2,0)*Paramètres!$B$9 -> #N/A | AY43: =(AX43/PI()/Paramètres!$B$7)^0.5/A43/D43*10^6 -> #N/A | AZ43: =(IF(F43>0,(F43*F43 -E43*E43)/Paramètres!$B$7*Paramètres!$B$8,0)+E43*E43)*D43*G43 -> 3513.84 | BA43: =-1+AZ43/AZ42 -> -0.10539803 | BB43: =IF(F43>0,"",0.234*Paramètres!$B$12*10^9*IF(F43>0,E43,E43)^2/Paramètres!$B$7/A43^2/D43^4*10^6) -> 0.00034289894 | BC43: 2 | BD43: =BC43*SQRT(1+L43*BC43^2)-BC43 -> 0.00090371594 | BE43: =IF(F43>0,PI()^2*Paramètres!$B$12*10^9/8/O43*(E43^4+E43^2*F43^2)*10^-12/D43^2/10^-6,"-") -> - | BF43: =IF(ISBLANK(D43),"-",PI()^3*E43^4*Paramètres!$B$12*10^9/64/O43/(D43/1000)^2*10^-12) -> 0.00022598003 | BG43: =(Paramètres!$B$12*10^9)^0.5/Paramètres!$B$7/2/D43*1000 -> 29.57336
A44: =IF(ISBLANK(D44),"-",IF(AND($A$6,$A$4/2<AD44),AG44,AD44)) -> 164.81378 | B44: =IF(ISBLANK(D44),"",VLOOKUP(MOD(C44-Paramètres!$B$54,12)+1,Paramètres!$B$40:$C$52,2)&" "&(TRUNC((C44-Paramètres!$B$54+120)/12)-10+1)) -> Mi 2 | C44: =IF(ISBLANK(D44),"",C43+1) -> 32 | D44: 946 | E44: 1.1 | G44: 3 | H44: SP-1 | I44: =IF(ISBLANK(D44),"",IF(F44>0,AU44/AT44,AM44)) -> 0.67873161 | J44: =IF(ISBLANK(D44),"",IF(AQ44,"","]"&AO44&" -- "&AP44&"[")) -> ]0,5 -- 0,65[ | K44: =IF(ISBLANK(D44),"",BA44) -> -0.022727273 | L44: =IF(ISBLANK(D44),"",IF(F44>0,BF44,BF44)) -> 0.00022071674 | M44: =IF(ISBLANK(D44),"",IF(F44>0,"-",N44/(2^(1/12)-1))) -> 0.0055677411 | N44: =IF(ISBLANK(D44),"",IF(F44>0,"-",1.5*L44)) -> 0.00033107511 | O44: =IF(ISBLANK(D44),"",IF(F44>0,AU44,AK44)) -> 725.39441 | P44: =IF(ISBLANK(D44),"",IF(F44>0,AU44*G44,AL44)) -> 2176.1832 | Q44: 0.55 | R44: =IF(ISBLANK(D44),"",AT44*Q44) -> 587.8125 | S44: =IF(ISBLANK(D44),"",AJ44) -> 0.97672794 | T44: =IF(ISBLANK(F44),"",ROUND(S44*10*G44,0)/10/G44) | U44: =IF(F44>0,(AJ44-E44)/2,"") | V44: =IF(F44>0,AN44,"") | W44: =IF(F44>0,IF(U44<Paramètres!$B$5,"!!!",""),"") | X44: =IF(U44<>"",IF(U44/3>=Paramètres!$B$5,(S44-E44)/2/3,""),"") | Y44: =IF(U44<>"",IF(U44/3>=Paramètres!$B$5,AV44,""),"") | Z44: =IF(X44<>"",Y44*2,"") | AC44: =INDEX('Charge de rupture par diamètre'!$C$1:$AC$1,AR44) -> Stephen Paulello France | AD44: =IF(ISBLANK(D44),"-",$A$4/16 * 2^((C44-1)/12)) -> 164.81378 | AE44: =AF44/(AF$9*SQRT(1+$L44*AF$9^2)) -> 164.72239 | AF44: =AG56 -> 329.59017 | AG44: =$AE44*AG$9*SQRT(1+$G44*AG$9^2) -> 329.44478 | AH44: =IF(AND(C44>12,F32="",AD44>$A$4),AH32*2*(1+N32),IF(AD44>=$A$4/2,AD44,AD44)) -> 164.81378 | AI44: =IF(AND(C44>12,F32="",AD44>$A$4),AH32*2*(1+N32),IF(AD44>=$A$4/2,AD44,AH56/2/(1+N44))) -> 164.75923 | AJ44: =IF(Q44>0,((R44*10^12/PI()/A44^2/D44^2-Paramètres!$B$7*E44^2)*4/PI()/Paramètres!$B$8+E44^2)^0.5,"") -> 0.97672794 | AK44: =PI()*Paramètres!$B$7*(E44*A44*D44)^2/10^12 -> 725.39441 | AL44: =AK44*G44 -> 2176.1832 | AM44: =AK44/AT44 -> 0.67873161 | AN44: =(-E44+0.1*Paramètres!$B$7/E44/Paramètres!$B$8/PI()*(AW44^2-E44^2)+(E44^2+3.8*Paramètres!$B$7/Paramètres!$B$8/PI()*(AW44^2-E44^2))^0.5)/2 -> -0.06127979 | AO44: =VLOOKUP(C44,Paramètres!$C$30:$F$37,2,1) -> 0.5 | AP44: =VLOOKUP(C44,Paramètres!$C$30:$F$37,4,1) -> 0.65 | AQ44: =AND(I44>=AO44,I44<=AP44) -> FALSE | AR44: =HLOOKUP(H44,'Charge de rupture par diamètre'!$D$16:$AC$17,2,0) -> 5 | AS44: =VLOOKUP(E44,'Charge de rupture par diamètre'!$C$16:$AC$53,AR44,1) -> 1425 | AT44: =AS44*Paramètres!$B$9 -> 1068.75 | AU44: =PI()*A44^2*D44^2*(Paramètres!$B$7*E44^2+Paramètres!$B$8*PI()/4*(F44^2-E44^2))/10^12 -> 75.111353 | AV44: =0.183*(-E44+(E44^2+4*Paramètres!$B$7/PI()/Paramètres!$B$8*(AW44^2-E44^2))^0.5) -> -0.022558787 | AW44: =(R44/PI()/Paramètres!$B$7)^0.5/A44/D44*10^6 -> 0.99020472 | AX44: =Q44*VLOOKUP(H44,Paramètres!$B$15:$C$18,2,0)*Paramètres!$B$9 -> #N/A | AY44: =(AX44/PI()/Paramètres!$B$7)^0.5/A44/D44*10^6 -> #N/A | AZ44: =(IF(F44>0,(F44*F44 -E44*E44)/Paramètres!$B$7*Paramètres!$B$8,0)+E44*E44)*D44*G44 -> 3433.98 | BA44: =-1+AZ44/AZ43 -> -0.022727273 | BB44: =IF(F44>0,"",0.234*Paramètres!$B$12*10^9*IF(F44>0,E44,E44)^2/Paramètres!$B$7/A44^2/D44^4*10^6) -> 0.0003349125 | BC44: 2 | BD44: =BC44*SQRT(1+L44*BC44^2)-BC44 -> 0.00088267219 | BE44: =IF(F44>0,PI()^2*Paramètres!$B$12*10^9/8/O44*(E44^4+E44^2*F44^2)*10^-12/D44^2/10^-6,"-") -> - | BF44: =IF(ISBLANK(D44),"-",PI()^3*E44^4*Paramètres!$B$12*10^9/64/O44/(D44/1000)^2*10^-12) -> 0.00022071674 | BG44: =(Paramètres!$B$12*10^9)^0.5/Paramètres!$B$7/2/D44*1000 -> 30.261113
A45: =IF(ISBLANK(D45),"-",IF(AND($A$6,$A$4/2<AD45),AG45,AD45)) -> 174.61412 | B45: =IF(ISBLANK(D45),"",VLOOKUP(MOD(C45-Paramètres!$B$54,12)+1,Paramètres!$B$40:$C$52,2)&" "&(TRUNC((C45-Paramètres!$B$54+120)/12)-10+1)) -> Fa 2 | C45: =IF(ISBLANK(D45),"",C44+1) -> 33 | D45: 922 | E45: 1.05 | G45: 3 | H45: SP-0 | I45: =IF(ISBLANK(D45),"",IF(F45>0,AU45/AT45,AM45)) -> 0.55045761 | J45: =IF(ISBLANK(D45),"",IF(AQ45,"","]"&AO45&" -- "&AP45&"[")) | K45: =IF(ISBLANK(D45),"",BA45) -> -0.11195901 | L45: =IF(ISBLANK(D45),"",IF(F45>0,BF45,BF45)) -> 0.00019856271 | M45: =IF(ISBLANK(D45),"",IF(F45>0,"-",N45/(2^(1/12)-1))) -> 0.0050088895 | N45: =IF(ISBLANK(D45),"",IF(F45>0,"-",1.5*L45)) -> 0.00029784407 | O45: =IF(ISBLANK(D45),"",IF(F45>0,AU45,AK45)) -> 704.72336 | P45: =IF(ISBLANK(D45),"",IF(F45>0,AU45*G45,AL45)) -> 2114.1701 | Q45: 0.55 | R45: =IF(ISBLANK(D45),"",AT45*Q45) -> 704.1375 | S45: =IF(ISBLANK(D45),"",AJ45) -> 1.049513 | T45: =IF(ISBLANK(F45),"",ROUND(S45*10*G45,0)/10/G45) | U45: =IF(F45>0,(AJ45-E45)/2,"") | V45: =IF(F45>0,AN45,"") | W45: =IF(F45>0,IF(U45<Paramètres!$B$5,"!!!",""),"") | X45: =IF(U45<>"",IF(U45/3>=Paramètres!$B$5,(S45-E45)/2/3,""),"") | Y45: =IF(U45<>"",IF(U45/3>=Paramètres!$B$5,AV45,""),"") | Z45: =IF(X45<>"",Y45*2,"") | AC45: =INDEX('Charge de rupture par diamètre'!$C$1:$AC$1,AR45) -> Stephen Paulello France | AD45: =IF(ISBLANK(D45),"-",$A$4/16 * 2^((C45-1)/12)) -> 174.61412 | AE45: =AF45/(AF$9*SQRT(1+$L45*AF$9^2)) -> 174.52898 | AF45: =AG57 -> 349.19654 | AG45: =$AE45*AG$9*SQRT(1+$G45*AG$9^2) -> 349.05795 | AH45: =IF(AND(C45>12,F33="",AD45>$A$4),AH33*2*(1+N33),IF(AD45>=$A$4/2,AD45,AD45)) -> 174.61412 | AI45: =IF(AND(C45>12,F33="",AD45>$A$4),AH33*2*(1+N33),IF(AD45>=$A$4/2,AD45,AH57/2/(1+N45))) -> 174.56212 | AJ45: =IF(Q45>0,((R45*10^12/PI()/A45^2/D45^2-Paramètres!$B$7*E45^2)*4/PI()/Paramètres!$B$8+E45^2)^0.5,"") -> 1.049513 | AK45: =PI()*Paramètres!$B$7*(E45*A45*D45)^2/10^12 -> 704.72336 | AL45: =AK45*G45 -> 2114.1701 | AM45: =AK45/AT45 -> 0.55045761 | AN45: =(-E45+0.1*Paramètres!$B$7/E45/Paramètres!$B$8/PI()*(AW45^2-E45^2)+(E45^2+3.8*Paramètres!$B$7/Paramètres!$B$8/PI()*(AW45^2-E45^2))^0.5)/2 -> -0.00024348212 | AO45: =VLOOKUP(C45,Paramètres!$C$30:$F$37,2,1) -> 0.5 | AP45: =VLOOKUP(C45,Paramètres!$C$30:$F$37,4,1) -> 0.65 | AQ45: =AND(I45>=AO45,I45<=AP45) -> TRUE | AR45: =HLOOKUP(H45,'Charge de rupture par diamètre'!$D$16:$AC$17,2,0) -> 4 | AS45: =VLOOKUP(E45,'Charge de rupture par diamètre'!$C$16:$AC$53,AR45,1) -> 1707 | AT45: =AS45*Paramètres!$B$9 -> 1280.25 | AU45: =PI()*A45^2*D45^2*(Paramètres!$B$7*E45^2+Paramètres!$B$8*PI()/4*(F45^2-E45^2))/10^12 -> 72.970958 | AV45: =0.183*(-E45+(E45^2+4*Paramètres!$B$7/PI()/Paramètres!$B$8*(AW45^2-E45^2))^0.5) -> -8.911647e-05 | AW45: =(R45/PI()/Paramètres!$B$7)^0.5/A45/D45*10^6 -> 1.0495635 | AX45: =Q45*VLOOKUP(H45,Paramètres!$B$15:$C$18,2,0)*Paramètres!$B$9 -> #N/A | AY45: =(AX45/PI()/Paramètres!$B$7)^0.5/A45/D45*10^6 -> #N/A | AZ45: =(IF(F45>0,(F45*F45 -E45*E45)/Paramètres!$B$7*Paramètres!$B$8,0)+E45*E45)*D45*G45 -> 3049.515 | BA45: =-1+AZ45/AZ44 -> -0.11195901 | BB45: =IF(F45>0,"",0.234*Paramètres!$B$12*10^9*IF(F45>0,E45,E45)^2/Paramètres!$B$7/A45^2/D45^4*10^6) -> 0.00030129629 | BC45: 2 | BD45: =BC45*SQRT(1+L45*BC45^2)-BC45 -> 0.00079409321 | BE45: =IF(F45>0,PI()^2*Paramètres!$B$12*10^9/8/O45*(E45^4+E45^2*F45^2)*10^-12/D45^2/10^-6,"-") -> - | BF45: =IF(ISBLANK(D45),"-",PI()^3*E45^4*Paramètres!$B$12*10^9/64/O45/(D45/1000)^2*10^-12) -> 0.00019856271 | BG45: =(Paramètres!$B$12*10^9)^0.5/Paramètres!$B$7/2/D45*1000 -> 31.048821
A46: =IF(ISBLANK(D46),"-",IF(AND($A$6,$A$4/2<AD46),AG46,AD46)) -> 184.99721 | B46: =IF(ISBLANK(D46),"",VLOOKUP(MOD(C46-Paramètres!$B$54,12)+1,Paramètres!$B$40:$C$52,2)&" "&(TRUNC((C46-Paramètres!$B$54+120)/12)-10+1)) -> Fa# 2 | C46: =IF(ISBLANK(D46),"",C45+1) -> 34 | D46: 895 | E46: 1.05 | G46: 3 | H46: SP-0 | I46: =IF(ISBLANK(D46),"",IF(F46>0,AU46/AT46,AM46)) -> 0.58221016 | J46: =IF(ISBLANK(D46),"",IF(AQ46,"","]"&AO46&" -- "&AP46&"[")) | K46: =IF(ISBLANK(D46),"",BA46) -> -0.029284165 | L46: =IF(ISBLANK(D46),"",IF(F46>0,BF46,BF46)) -> 0.0001992313 | M46: =IF(ISBLANK(D46),"",IF(F46>0,"-",N46/(2^(1/12)-1))) -> 0.0050257552 | N46: =IF(ISBLANK(D46),"",IF(F46>0,"-",1.5*L46)) -> 0.00029884696 | O46: =IF(ISBLANK(D46),"",IF(F46>0,AU46,AK46)) -> 745.37455 | P46: =IF(ISBLANK(D46),"",IF(F46>0,AU46*G46,AL46)) -> 2236.1237 | Q46: 0.55 | R46: =IF(ISBLANK(D46),"",AT46*Q46) -> 704.1375 | S46: =IF(ISBLANK(D46),"",AJ46) -> 1.0170841 | T46: =IF(ISBLANK(F46),"",ROUND(S46*10*G46,0)/10/G46) | U46: =IF(F46>0,(AJ46-E46)/2,"") | V46: =IF(F46>0,AN46,"") | W46: =IF(F46>0,IF(U46<Paramètres!$B$5,"!!!",""),"") | X46: =IF(U46<>"",IF(U46/3>=Paramètres!$B$5,(S46-E46)/2/3,""),"") | Y46: =IF(U46<>"",IF(U46/3>=Paramètres!$B$5,AV46,""),"") | Z46: =IF(X46<>"",Y46*2,"") | AC46: =INDEX('Charge de rupture par diamètre'!$C$1:$AC$1,AR46) -> Stephen Paulello France | AD46: =IF(ISBLANK(D46),"-",$A$4/16 * 2^((C46-1)/12)) -> 184.99721 | AE46: =AF46/(AF$9*SQRT(1+$L46*AF$9^2)) -> 184.91096 | AF46: =AG58 -> 369.96924 | AG46: =$AE46*AG$9*SQRT(1+$G46*AG$9^2) -> 369.82191 | AH46: =IF(AND(C46>12,F34="",AD46>$A$4),AH34*2*(1+N34),IF(AD46>=$A$4/2,AD46,AD46)) -> 184.99721 | AI46: =IF(AND(C46>12,F34="",AD46>$A$4),AH34*2*(1+N34),IF(AD46>=$A$4/2,AD46,AH58/2/(1+N46))) -> 184.94194 | AJ46: =IF(Q46>0,((R46*10^12/PI()/A46^2/D46^2-Paramètres!$B$7*E46^2)*4/PI()/Paramètres!$B$8+E46^2)^0.5,"") -> 1.0170841 | AK46: =PI()*Paramètres!$B$7*(E46*A46*D46)^2/10^12 -> 745.37455 | AL46: =AK46*G46 -> 2236.1237 | AM46: =AK46/AT46 -> 0.58221016 | AN46: =(-E46+0.1*Paramètres!$B$7/E46/Paramètres!$B$8/PI()*(AW46^2-E46^2)+(E46^2+3.8*Paramètres!$B$7/Paramètres!$B$8/PI()*(AW46^2-E46^2))^0.5)/2 -> -0.016432405 | AO46: =VLOOKUP(C46,Paramètres!$C$30:$F$37,2,1) -> 0.5 | AP46: =VLOOKUP(C46,Paramètres!$C$30:$F$37,4,1) -> 0.65 | AQ46: =AND(I46>=AO46,I46<=AP46) -> TRUE | AR46: =HLOOKUP(H46,'Charge de rupture par diamètre'!$D$16:$AC$17,2,0) -> 4 | AS46: =VLOOKUP(E46,'Charge de rupture par diamètre'!$C$16:$AC$53,AR46,1) -> 1707 | AT46: =AS46*Paramètres!$B$9 -> 1280.25 | AU46: =PI()*A46^2*D46^2*(Paramètres!$B$7*E46^2+Paramètres!$B$8*PI()/4*(F46^2-E46^2))/10^12 -> 77.180207 | AV46: =0.183*(-E46+(E46^2+4*Paramètres!$B$7/PI()/Paramètres!$B$8*(AW46^2-E46^2))^0.5) -> -0.0060236033 | AW46: =(R46/PI()/Paramètres!$B$7)^0.5/A46/D46*10^6 -> 1.0205417 | AX46: =Q46*VLOOKUP(H46,Paramètres!$B$15:$C$18,2,0)*Paramètres!$B$9 -> #N/A | AY46: =(AX46/PI()/Paramètres!$B$7)^0.5/A46/D46*10^6 -> #N/A | AZ46: =(IF(F46>0,(F46*F46 -E46*E46)/Paramètres!$B$7*Paramètres!$B$8,0)+E46*E46)*D46*G46 -> 2960.2125 | BA46: =-1+AZ46/AZ45 -> -0.029284165 | BB46: =IF(F46>0,"",0.234*Paramètres!$B$12*10^9*IF(F46>0,E46,E46)^2/Paramètres!$B$7/A46^2/D46^4*10^6) -> 0.0003023108 | BC46: 2 | BD46: =BC46*SQRT(1+L46*BC46^2)-BC46 -> 0.00079676651 | BE46: =IF(F46>0,PI()^2*Paramètres!$B$12*10^9/8/O46*(E46^4+E46^2*F46^2)*10^-12/D46^2/10^-6,"-") -> - | BF46: =IF(ISBLANK(D46),"-",PI()^3*E46^4*Paramètres!$B$12*10^9/64/O46/(D46/1000)^2*10^-12) -> 0.0001992313 | BG46: =(Paramètres!$B$12*10^9)^0.5/Paramètres!$B$7/2/D46*1000 -> 31.985489
A47: =IF(ISBLANK(D47),"-",IF(AND($A$6,$A$4/2<AD47),AG47,AD47)) -> 195.99772 | B47: =IF(ISBLANK(D47),"",VLOOKUP(MOD(C47-Paramètres!$B$54,12)+1,Paramètres!$B$40:$C$52,2)&" "&(TRUNC((C47-Paramètres!$B$54+120)/12)-10+1)) -> Sol 2 | C47: =IF(ISBLANK(D47),"",C46+1) -> 35 | D47: 867 | E47: 1 | G47: 3 | H47: SP-0 | I47: =IF(ISBLANK(D47),"",IF(F47>0,AU47/AT47,AM47)) -> 0.60362854 | J47: =IF(ISBLANK(D47),"",IF(AQ47,"","]"&AO47&" -- "&AP47&"[")) | K47: =IF(ISBLANK(D47),"",BA47) -> -0.12134686 | L47: =IF(ISBLANK(D47),"",IF(F47>0,BF47,BF47)) -> 0.00018281973 | M47: =IF(ISBLANK(D47),"",IF(F47>0,"-",N47/(2^(1/12)-1))) -> 0.0046117613 | N47: =IF(ISBLANK(D47),"",IF(F47>0,"-",1.5*L47)) -> 0.0002742296 | O47: =IF(ISBLANK(D47),"",IF(F47>0,AU47,AK47)) -> 712.13077 | P47: =IF(ISBLANK(D47),"",IF(F47>0,AU47*G47,AL47)) -> 2136.3923 | Q47: 0.55 | R47: =IF(ISBLANK(D47),"",AT47*Q47) -> 648.8625 | S47: =IF(ISBLANK(D47),"",AJ47) -> 0.94915459 | T47: =IF(ISBLANK(F47),"",ROUND(S47*10*G47,0)/10/G47) | U47: =IF(F47>0,(AJ47-E47)/2,"") | V47: =IF(F47>0,AN47,"") | W47: =IF(F47>0,IF(U47<Paramètres!$B$5,"!!!",""),"") | X47: =IF(U47<>"",IF(U47/3>=Paramètres!$B$5,(S47-E47)/2/3,""),"") | Y47: =IF(U47<>"",IF(U47/3>=Paramètres!$B$5,AV47,""),"") | Z47: =IF(X47<>"",Y47*2,"") | AC47: =INDEX('Charge de rupture par diamètre'!$C$1:$AC$1,AR47) -> Stephen Paulello France | AD47: =IF(ISBLANK(D47),"-",$A$4/16 * 2^((C47-1)/12)) -> 195.99772 | AE47: =AF47/(AF$9*SQRT(1+$L47*AF$9^2)) -> 195.9172 | AF47: =AG59 -> 391.97765 | AG47: =$AE47*AG$9*SQRT(1+$G47*AG$9^2) -> 391.83441 | AH47: =IF(AND(C47>12,F35="",AD47>$A$4),AH35*2*(1+N35),IF(AD47>=$A$4/2,AD47,AD47)) -> 195.99772 | AI47: =IF(AND(C47>12,F35="",AD47>$A$4),AH35*2*(1+N35),IF(AD47>=$A$4/2,AD47,AH59/2/(1+N47))) -> 195.94398 | AJ47: =IF(Q47>0,((R47*10^12/PI()/A47^2/D47^2-Paramètres!$B$7*E47^2)*4/PI()/Paramètres!$B$8+E47^2)^0.5,"") -> 0.94915459 | AK47: =PI()*Paramètres!$B$7*(E47*A47*D47)^2/10^12 -> 712.13077 | AL47: =AK47*G47 -> 2136.3923 | AM47: =AK47/AT47 -> 0.60362854 | AN47: =(-E47+0.1*Paramètres!$B$7/E47/Paramètres!$B$8/PI()*(AW47^2-E47^2)+(E47^2+3.8*Paramètres!$B$7/Paramètres!$B$8/PI()*(AW47^2-E47^2))^0.5)/2 -> -0.02535813 | AO47: =VLOOKUP(C47,Paramètres!$C$30:$F$37,2,1) -> 0.5 | AP47: =VLOOKUP(C47,Paramètres!$C$30:$F$37,4,1) -> 0.65 | AQ47: =AND(I47>=AO47,I47<=AP47) -> TRUE | AR47: =HLOOKUP(H47,'Charge de rupture par diamètre'!$D$16:$AC$17,2,0) -> 4 | AS47: =VLOOKUP(E47,'Charge de rupture par diamètre'!$C$16:$AC$53,AR47,1) -> 1573 | AT47: =AS47*Paramètres!$B$9 -> 1179.75 | AU47: =PI()*A47^2*D47^2*(Paramètres!$B$7*E47^2+Paramètres!$B$8*PI()/4*(F47^2-E47^2))/10^12 -> 73.737963 | AV47: =0.183*(-E47+(E47^2+4*Paramètres!$B$7/PI()/Paramètres!$B$8*(AW47^2-E47^2))^0.5) -> -0.0093047092 | AW47: =(R47/PI()/Paramètres!$B$7)^0.5/A47/D47*10^6 -> 0.95454512 | AX47: =Q47*VLOOKUP(H47,Paramètres!$B$15:$C$18,2,0)*Paramètres!$B$9 -> #N/A | AY47: =(AX47/PI()/Paramètres!$B$7)^0.5/A47/D47*10^6 -> #N/A | AZ47: =(IF(F47>0,(F47*F47 -E47*E47)/Paramètres!$B$7*Paramètres!$B$8,0)+E47*E47)*D47*G47 -> 2601 | BA47: =-1+AZ47/AZ46 -> -0.12134686 | BB47: =IF(F47>0,"",0.234*Paramètres!$B$12*10^9*IF(F47>0,E47,E47)^2/Paramètres!$B$7/A47^2/D47^4*10^6) -> 0.00027740811 | BC47: 2 | BD47: =BC47*SQRT(1+L47*BC47^2)-BC47 -> 0.00073114528 | BE47: =IF(F47>0,PI()^2*Paramètres!$B$12*10^9/8/O47*(E47^4+E47^2*F47^2)*10^-12/D47^2/10^-6,"-") -> - | BF47: =IF(ISBLANK(D47),"-",PI()^3*E47^4*Paramètres!$B$12*10^9/64/O47/(D47/1000)^2*10^-12) -> 0.00018281973 | BG47: =(Paramètres!$B$12*10^9)^0.5/Paramètres!$B$7/2/D47*1000 -> 33.018469
A48: =IF(ISBLANK(D48),"-",IF(AND($A$6,$A$4/2<AD48),AG48,AD48)) -> 207.65235 | B48: =IF(ISBLANK(D48),"",VLOOKUP(MOD(C48-Paramètres!$B$54,12)+1,Paramètres!$B$40:$C$52,2)&" "&(TRUNC((C48-Paramètres!$B$54+120)/12)-10+1)) -> Sol# 2 | C48: =IF(ISBLANK(D48),"",C47+1) -> 36 | D48: 831 | E48: 1 | G48: 3 | H48: SP-0 | I48: =IF(ISBLANK(D48),"",IF(F48>0,AU48/AT48,AM48)) -> 0.62245117 | J48: =IF(ISBLANK(D48),"",IF(AQ48,"","]"&AO48&" -- "&AP48&"[")) | K48: =IF(ISBLANK(D48),"",BA48) -> -0.041522491 | L48: =IF(ISBLANK(D48),"",IF(F48>0,BF48,BF48)) -> 0.00019298506 | M48: =IF(ISBLANK(D48),"",IF(F48>0,"-",N48/(2^(1/12)-1))) -> 0.0048681892 | N48: =IF(ISBLANK(D48),"",IF(F48>0,"-",1.5*L48)) -> 0.00028947759 | O48: =IF(ISBLANK(D48),"",IF(F48>0,AU48,AK48)) -> 734.33677 | P48: =IF(ISBLANK(D48),"",IF(F48>0,AU48*G48,AL48)) -> 2203.0103 | Q48: 0.55 | R48: =IF(ISBLANK(D48),"",AT48*Q48) -> 648.8625 | S48: =IF(ISBLANK(D48),"",AJ48) -> 0.93282313 | T48: =IF(ISBLANK(F48),"",ROUND(S48*10*G48,0)/10/G48) | U48: =IF(F48>0,(AJ48-E48)/2,"") | V48: =IF(F48>0,AN48,"") | W48: =IF(F48>0,IF(U48<Paramètres!$B$5,"!!!",""),"") | X48: =IF(U48<>"",IF(U48/3>=Paramètres!$B$5,(S48-E48)/2/3,""),"") | Y48: =IF(U48<>"",IF(U48/3>=Paramètres!$B$5,AV48,""),"") | Z48: =IF(X48<>"",Y48*2,"") | AC48: =INDEX('Charge de rupture par diamètre'!$C$1:$AC$1,AR48) -> Stephen Paulello France | AD48: =IF(ISBLANK(D48),"-",$A$4/16 * 2^((C48-1)/12)) -> 207.65235 | AE48: =AF48/(AF$9*SQRT(1+$L48*AF$9^2)) -> 207.56754 | AF48: =AG60 -> 415.29528 | AG48: =$AE48*AG$9*SQRT(1+$G48*AG$9^2) -> 415.13508 | AH48: =IF(AND(C48>12,F36="",AD48>$A$4),AH36*2*(1+N36),IF(AD48>=$A$4/2,AD48,AD48)) -> 207.65235 | AI48: =IF(AND(C48>12,F36="",AD48>$A$4),AH36*2*(1+N36),IF(AD48>=$A$4/2,AD48,AH60/2/(1+N48))) -> 207.59226 | AJ48: =IF(Q48>0,((R48*10^12/PI()/A48^2/D48^2-Paramètres!$B$7*E48^2)*4/PI()/Paramètres!$B$8+E48^2)^0.5,"") -> 0.93282313 | AK48: =PI()*Paramètres!$B$7*(E48*A48*D48)^2/10^12 -> 734.33677 | AL48: =AK48*G48 -> 2203.0103 | AM48: =AK48/AT48 -> 0.62245117 | AN48: =(-E48+0.1*Paramètres!$B$7/E48/Paramètres!$B$8/PI()*(AW48^2-E48^2)+(E48^2+3.8*Paramètres!$B$7/Paramètres!$B$8/PI()*(AW48^2-E48^2))^0.5)/2 -> -0.033474787 | AO48: =VLOOKUP(C48,Paramètres!$C$30:$F$37,2,1) -> 0.5 | AP48: =VLOOKUP(C48,Paramètres!$C$30:$F$37,4,1) -> 0.65 | AQ48: =AND(I48>=AO48,I48<=AP48) -> TRUE | AR48: =HLOOKUP(H48,'Charge de rupture par diamètre'!$D$16:$AC$17,2,0) -> 4 | AS48: =VLOOKUP(E48,'Charge de rupture par diamètre'!$C$16:$AC$53,AR48,1) -> 1573 | AT48: =AS48*Paramètres!$B$9 -> 1179.75 | AU48: =PI()*A48^2*D48^2*(Paramètres!$B$7*E48^2+Paramètres!$B$8*PI()/4*(F48^2-E48^2))/10^12 -> 76.037294 | AV48: =0.183*(-E48+(E48^2+4*Paramètres!$B$7/PI()/Paramètres!$B$8*(AW48^2-E48^2))^0.5) -> -0.012293367 | AW48: =(R48/PI()/Paramètres!$B$7)^0.5/A48/D48*10^6 -> 0.94000184 | AX48: =Q48*VLOOKUP(H48,Paramètres!$B$15:$C$18,2,0)*Paramètres!$B$9 -> #N/A | AY48: =(AX48/PI()/Paramètres!$B$7)^0.5/A48/D48*10^6 -> #N/A | AZ48: =(IF(F48>0,(F48*F48 -E48*E48)/Paramètres!$B$7*Paramètres!$B$8,0)+E48*E48)*D48*G48 -> 2493 | BA48: =-1+AZ48/AZ47 -> -0.041522491 | BB48: =IF(F48>0,"",0.234*Paramètres!$B$12*10^9*IF(F48>0,E48,E48)^2/Paramètres!$B$7/A48^2/D48^4*10^6) -> 0.00029283284 | BC48: 2 | BD48: =BC48*SQRT(1+L48*BC48^2)-BC48 -> 0.00077179133 | BE48: =IF(F48>0,PI()^2*Paramètres!$B$12*10^9/8/O48*(E48^4+E48^2*F48^2)*10^-12/D48^2/10^-6,"-") -> - | BF48: =IF(ISBLANK(D48),"-",PI()^3*E48^4*Paramètres!$B$12*10^9/64/O48/(D48/1000)^2*10^-12) -> 0.00019298506 | BG48: =(Paramètres!$B$12*10^9)^0.5/Paramètres!$B$7/2/D48*1000 -> 34.448872
A49: =IF(ISBLANK(D49),"-",IF(AND($A$6,$A$4/2<AD49),AG49,AD49)) -> 220 | B49: =IF(ISBLANK(D49),"",VLOOKUP(MOD(C49-Paramètres!$B$54,12)+1,Paramètres!$B$40:$C$52,2)&" "&(TRUNC((C49-Paramètres!$B$54+120)/12)-10+1)) -> La 2 | C49: =IF(ISBLANK(D49),"",C48+1) -> 37 | D49: 799 | E49: 0.95 | G49: 3 | H49: SP-M | I49: =IF(ISBLANK(D49),"",IF(F49>0,AU49/AT49,AM49)) -> 0.54710462 | J49: =IF(ISBLANK(D49),"",IF(AQ49,"","]"&AO49&" -- "&AP49&"[")) | K49: =IF(ISBLANK(D49),"",BA49) -> -0.13225331 | L49: =IF(ISBLANK(D49),"",IF(F49>0,BF49,BF49)) -> 0.00018155835 | M49: =IF(ISBLANK(D49),"",IF(F49>0,"-",N49/(2^(1/12)-1))) -> 0.0045799419 | N49: =IF(ISBLANK(D49),"",IF(F49>0,"-",1.5*L49)) -> 0.00027233752 | O49: =IF(ISBLANK(D49),"",IF(F49>0,AU49,AK49)) -> 687.71051 | P49: =IF(ISBLANK(D49),"",IF(F49>0,AU49*G49,AL49)) -> 2063.1315 | Q49: 0.55 | R49: =IF(ISBLANK(D49),"",AT49*Q49) -> 691.35 | S49: =IF(ISBLANK(D49),"",AJ49) -> 0.95280002 | T49: =IF(ISBLANK(F49),"",ROUND(S49*10*G49,0)/10/G49) | U49: =IF(F49>0,(AJ49-E49)/2,"") | V49: =IF(F49>0,AN49,"") | W49: =IF(F49>0,IF(U49<Paramètres!$B$5,"!!!",""),"") | X49: =IF(U49<>"",IF(U49/3>=Paramètres!$B$5,(S49-E49)/2/3,""),"") | Y49: =IF(U49<>"",IF(U49/3>=Paramètres!$B$5,AV49,""),"") | Z49: =IF(X49<>"",Y49*2,"") | AC49: =INDEX('Charge de rupture par diamètre'!$C$1:$AC$1,AR49) -> Stephen Paulello France | AD49: =IF(ISBLANK(D49),"-",$A$4/16 * 2^((C49-1)/12)) -> 220 | AE49: =AF49/(AF$9*SQRT(1+$L49*AF$9^2)) -> 219.92016 | AF49: =AG61 -> 440 | AG49: =$AE49*AG$9*SQRT(1+$L49*AG$9^2) -> 219.94012 | AH49: =IF(AND(C49>12,F37="",AD49>$A$4),AH37*2*(1+N37),IF(AD49>=$A$4/2,AD49,AD49)) -> 220 | AI49: =IF(AND(C49>12,F37="",AD49>$A$4),AH37*2*(1+N37),IF(AD49>=$A$4/2,AD49,AH61/2/(1+N49))) -> 220 | AJ49: =IF(Q49>0,((R49*10^12/PI()/A49^2/D49^2-Paramètres!$B$7*E49^2)*4/PI()/Paramètres!$B$8+E49^2)^0.5,"") -> 0.95280002 | AK49: =PI()*Paramètres!$B$7*(E49*A49*D49)^2/10^12 -> 687.71051 | AL49: =AK49*G49 -> 2063.1315 | AM49: =AK49/AT49 -> 0.54710462 | AN49: =(-E49+0.1*Paramètres!$B$7/E49/Paramètres!$B$8/PI()*(AW49^2-E49^2)+(E49^2+3.8*Paramètres!$B$7/Paramètres!$B$8/PI()*(AW49^2-E49^2))^0.5)/2 -> 0.0014002102 | AO49: =VLOOKUP(C49,Paramètres!$C$30:$F$37,2,1) -> 0.5 | AP49: =VLOOKUP(C49,Paramètres!$C$30:$F$37,4,1) -> 0.65 | AQ49: =AND(I49>=AO49,I49<=AP49) -> TRUE | AR49: =HLOOKUP(H49,'Charge de rupture par diamètre'!$D$16:$AC$17,2,0) -> 3 | AS49: =VLOOKUP(E49,'Charge de rupture par diamètre'!$C$16:$AC$53,AR49,1) -> 1676 | AT49: =AS49*Paramètres!$B$9 -> 1257 | AU49: =PI()*A49^2*D49^2*(Paramètres!$B$7*E49^2+Paramètres!$B$8*PI()/4*(F49^2-E49^2))/10^12 -> 71.209353 | AV49: =0.183*(-E49+(E49^2+4*Paramètres!$B$7/PI()/Paramètres!$B$8*(AW49^2-E49^2))^0.5) -> 0.00051240343 | AW49: =(R49/PI()/Paramètres!$B$7)^0.5/A49/D49*10^6 -> 0.95251047 | AX49: =Q49*VLOOKUP(H49,Paramètres!$B$15:$C$18,2,0)*Paramètres!$B$9 -> #N/A | AY49: =(AX49/PI()/Paramètres!$B$7)^0.5/A49/D49*10^6 -> #N/A | AZ49: =(IF(F49>0,(F49*F49 -E49*E49)/Paramètres!$B$7*Paramètres!$B$8,0)+E49*E49)*D49*G49 -> 2163.2925 | BA49: =-1+AZ49/AZ48 -> -0.13225331 | BB49: =IF(F49>0,"",0.234*Paramètres!$B$12*10^9*IF(F49>0,E49,E49)^2/Paramètres!$B$7/A49^2/D49^4*10^6) -> 0.0002754941 | BC49: 2 | BD49: =BC49*SQRT(1+L49*BC49^2)-BC49 -> 0.00072610157 | BE49: =IF(F49>0,PI()^2*Paramètres!$B$12*10^9/8/O49*(E49^4+E49^2*F49^2)*10^-12/D49^2/10^-6,"-") -> - | BF49: =IF(ISBLANK(D49),"-",PI()^3*E49^4*Paramètres!$B$12*10^9/64/O49/(D49/1000)^2*10^-12) -> 0.00018155835 | BG49: =(Paramètres!$B$12*10^9)^0.5/Paramètres!$B$7/2/D49*1000 -> 35.828552
A50: =IF(ISBLANK(D50),"-",IF(AND($A$6,$A$4/2<AD50),AG50,AD50)) -> 233.02373 | B50: =IF(ISBLANK(D50),"",VLOOKUP(MOD(C50-Paramètres!$B$54,12)+1,Paramètres!$B$40:$C$52,2)&" "&(TRUNC((C50-Paramètres!$B$54+120)/12)-10+1)) -> La# 2 | C50: =IF(ISBLANK(D50),"",C49+1) -> 38 | D50: 764 | E50: 0.95 | G50: 3 | H50: SP-M | I50: =IF(ISBLANK(D50),"",IF(F50>0,AU50/AT50,AM50)) -> 0.56120104 | J50: =IF(ISBLANK(D50),"",IF(AQ50,"","]"&AO50&" -- "&AP50&"[")) | K50: =IF(ISBLANK(D50),"",BA50) -> -0.043804756 | L50: =IF(ISBLANK(D50),"",IF(F50>0,BF50,BF50)) -> 0.00019358646 | M50: =IF(ISBLANK(D50),"",IF(F50>0,"-",N50/(2^(1/12)-1))) -> 0.0048833598 | N50: =IF(ISBLANK(D50),"",IF(F50>0,"-",1.5*L50)) -> 0.00029037969 | O50: =IF(ISBLANK(D50),"",IF(F50>0,AU50,AK50)) -> 705.42971 | P50: =IF(ISBLANK(D50),"",IF(F50>0,AU50*G50,AL50)) -> 2116.2891 | Q50: 0.6 | R50: =IF(ISBLANK(D50),"",AT50*Q50) -> 754.2 | S50: =IF(ISBLANK(D50),"",AJ50) -> 0.98595224 | T50: =IF(ISBLANK(F50),"",ROUND(S50*10*G50,0)/10/G50) | U50: =IF(F50>0,(AJ50-E50)/2,"") | V50: =IF(F50>0,AN50,"") | W50: =IF(F50>0,IF(U50<Paramètres!$B$5,"!!!",""),"") | X50: =IF(U50<>"",IF(U50/3>=Paramètres!$B$5,(S50-E50)/2/3,""),"") | Y50: =IF(U50<>"",IF(U50/3>=Paramètres!$B$5,AV50,""),"") | Z50: =IF(X50<>"",Y50*2,"") | AC50: =INDEX('Charge de rupture par diamètre'!$C$1:$AC$1,AR50) -> Stephen Paulello France | AD50: =IF(ISBLANK(D50),"-",$A$4/16 * 2^((C50-1)/12)) -> 233.08188 | AE50: =AG50/(AG$9*SQRT(1+$L50*AG$9^2)) -> 233.00118 | AF50: =$AE50*AF$9*SQRT(1+$L50*AF$9^2) -> 466.18274 | AG50: =$AE$7*AG49 -> 233.02373 | AH50: =IF(AND(C50>12,F38="",AD50>$A$4),AH38*2*(1+N38),IF(AD50>=$A$4/2,AD50,AD50)) -> 233.08188 | AI50: =IF(AND(C50>12,F38="",AD50>$A$4),AH38*2*(1+N38),IF(AD50>=$A$4/2,AD50,AH62/2/(1+N50))) -> 233.08188 | AJ50: =IF(Q50>0,((R50*10^12/PI()/A50^2/D50^2-Paramètres!$B$7*E50^2)*4/PI()/Paramètres!$B$8+E50^2)^0.5,"") -> 0.98595224 | AK50: =PI()*Paramètres!$B$7*(E50*A50*D50)^2/10^12 -> 705.42971 | AL50: =AK50*G50 -> 2116.2891 | AM50: =AK50/AT50 -> 0.56120104 | AN50: =(-E50+0.1*Paramètres!$B$7/E50/Paramètres!$B$8/PI()*(AW50^2-E50^2)+(E50^2+3.8*Paramètres!$B$7/Paramètres!$B$8/PI()*(AW50^2-E50^2))^0.5)/2 -> 0.018008723 | AO50: =VLOOKUP(C50,Paramètres!$C$30:$F$37,2,1) -> 0.5 | AP50: =VLOOKUP(C50,Paramètres!$C$30:$F$37,4,1) -> 0.65 | AQ50: =AND(I50>=AO50,I50<=AP50) -> TRUE | AR50: =HLOOKUP(H50,'Charge de rupture par diamètre'!$D$16:$AC$17,2,0) -> 3 | AS50: =VLOOKUP(E50,'Charge de rupture par diamètre'!$C$16:$AC$53,AR50,1) -> 1676 | AT50: =AS50*Paramètres!$B$9 -> 1257 | AU50: =PI()*A50^2*D50^2*(Paramètres!$B$7*E50^2+Paramètres!$B$8*PI()/4*(F50^2-E50^2))/10^12 -> 73.044097 | AV50: =0.183*(-E50+(E50^2+4*Paramètres!$B$7/PI()/Paramètres!$B$8*(AW50^2-E50^2))^0.5) -> 0.0065792596 | AW50: =(R50/PI()/Paramètres!$B$7)^0.5/A50/D50*10^6 -> 0.98229062 | AX50: =Q50*VLOOKUP(H50,Paramètres!$B$15:$C$18,2,0)*Paramètres!$B$9 -> #N/A | AY50: =(AX50/PI()/Paramètres!$B$7)^0.5/A50/D50*10^6 -> #N/A | AZ50: =(IF(F50>0,(F50*F50 -E50*E50)/Paramètres!$B$7*Paramètres!$B$8,0)+E50*E50)*D50*G50 -> 2068.53 | BA50: =-1+AZ50/AZ49 -> -0.043804756 | BB50: =IF(F50>0,"",0.234*Paramètres!$B$12*10^9*IF(F50>0,E50,E50)^2/Paramètres!$B$7/A50^2/D50^4*10^6) -> 0.00029374539 | BC50: 2 | BD50: =BC50*SQRT(1+L50*BC50^2)-BC50 -> 0.00077419598 | BE50: =IF(F50>0,PI()^2*Paramètres!$B$12*10^9/8/O50*(E50^4+E50^2*F50^2)*10^-12/D50^2/10^-6,"-") -> - | BF50: =IF(ISBLANK(D50),"-",PI()^3*E50^4*Paramètres!$B$12*10^9/64/O50/(D50/1000)^2*10^-12) -> 0.00019358646 | BG50: =(Paramètres!$B$12*10^9)^0.5/Paramètres!$B$7/2/D50*1000 -> 37.469912
A51: =IF(ISBLANK(D51),"-",IF(AND($A$6,$A$4/2<AD51),AG51,AD51)) -> 246.88564 | B51: =IF(ISBLANK(D51),"",VLOOKUP(MOD(C51-Paramètres!$B$54,12)+1,Paramètres!$B$40:$C$52,2)&" "&(TRUNC((C51-Paramètres!$B$54+120)/12)-10+1)) -> Si 2 | C51: =IF(ISBLANK(D51),"",C50+1) -> 39 | D51: 730 | E51: 0.95 | G51: 3 | H51: SP-M | I51: =IF(ISBLANK(D51),"",IF(F51>0,AU51/AT51,AM51)) -> 0.57513373 | J51: =IF(ISBLANK(D51),"",IF(AQ51,"","]"&AO51&" -- "&AP51&"[")) | K51: =IF(ISBLANK(D51),"",BA51) -> -0.044502618 | L51: =IF(ISBLANK(D51),"",IF(F51>0,BF51,BF51)) -> 0.00020690243 | M51: =IF(ISBLANK(D51),"",IF(F51>0,"-",N51/(2^(1/12)-1))) -> 0.005219265 | N51: =IF(ISBLANK(D51),"",IF(F51>0,"-",1.5*L51)) -> 0.00031035365 | O51: =IF(ISBLANK(D51),"",IF(F51>0,AU51,AK51)) -> 722.9431 | P51: =IF(ISBLANK(D51),"",IF(F51>0,AU51*G51,AL51)) -> 2168.8293 | Q51: 0.6 | R51: =IF(ISBLANK(D51),"",AT51*Q51) -> 754.2 | S51: =IF(ISBLANK(D51),"",AJ51) -> 0.9726393 | T51: =IF(ISBLANK(F51),"",ROUND(S51*10*G51,0)/10/G51) | U51: =IF(F51>0,(AJ51-E51)/2,"") | V51: =IF(F51>0,AN51,"") | W51: =IF(F51>0,IF(U51<Paramètres!$B$5,"!!!",""),"") | X51: =IF(U51<>"",IF(U51/3>=Paramètres!$B$5,(S51-E51)/2/3,""),"") | Y51: =IF(U51<>"",IF(U51/3>=Paramètres!$B$5,AV51,""),"") | Z51: =IF(X51<>"",Y51*2,"") | AC51: =INDEX('Charge de rupture par diamètre'!$C$1:$AC$1,AR51) -> Stephen Paulello France | AD51: =IF(ISBLANK(D51),"-",$A$4/16 * 2^((C51-1)/12)) -> 246.94165 | AE51: =AG51/(AG$9*SQRT(1+$L51*AG$9^2)) -> 246.8601 | AF51: =$AE51*AF$9*SQRT(1+$L51*AF$9^2) -> 493.92447 | AG51: =$AE$7*AG50 -> 246.88564 | AH51: =IF(AND(C51>12,F39="",AD51>$A$4),AH39*2*(1+N39),IF(AD51>=$A$4/2,AD51,AD51)) -> 246.94165 | AI51: =IF(AND(C51>12,F39="",AD51>$A$4),AH39*2*(1+N39),IF(AD51>=$A$4/2,AD51,AH63/2/(1+N51))) -> 246.94165 | AJ51: =IF(Q51>0,((R51*10^12/PI()/A51^2/D51^2-Paramètres!$B$7*E51^2)*4/PI()/Paramètres!$B$8+E51^2)^0.5,"") -> 0.9726393 | AK51: =PI()*Paramètres!$B$7*(E51*A51*D51)^2/10^12 -> 722.9431 | AL51: =AK51*G51 -> 2168.8293 | AM51: =AK51/AT51 -> 0.57513373 | AN51: =(-E51+0.1*Paramètres!$B$7/E51/Paramètres!$B$8/PI()*(AW51^2-E51^2)+(E51^2+3.8*Paramètres!$B$7/Paramètres!$B$8/PI()*(AW51^2-E51^2))^0.5)/2 -> 0.011332656 | AO51: =VLOOKUP(C51,Paramètres!$C$30:$F$37,2,1) -> 0.5 | AP51: =VLOOKUP(C51,Paramètres!$C$30:$F$37,4,1) -> 0.65 | AQ51: =AND(I51>=AO51,I51<=AP51) -> TRUE | AR51: =HLOOKUP(H51,'Charge de rupture par diamètre'!$D$16:$AC$17,2,0) -> 3 | AS51: =VLOOKUP(E51,'Charge de rupture par diamètre'!$C$16:$AC$53,AR51,1) -> 1676 | AT51: =AS51*Paramètres!$B$9 -> 1257 | AU51: =PI()*A51^2*D51^2*(Paramètres!$B$7*E51^2+Paramètres!$B$8*PI()/4*(F51^2-E51^2))/10^12 -> 74.857531 | AV51: =0.183*(-E51+(E51^2+4*Paramètres!$B$7/PI()/Paramètres!$B$8*(AW51^2-E51^2))^0.5) -> 0.0041429911 | AW51: =(R51/PI()/Paramètres!$B$7)^0.5/A51/D51*10^6 -> 0.97031961 | AX51: =Q51*VLOOKUP(H51,Paramètres!$B$15:$C$18,2,0)*Paramètres!$B$9 -> #N/A | AY51: =(AX51/PI()/Paramètres!$B$7)^0.5/A51/D51*10^6 -> #N/A | AZ51: =(IF(F51>0,(F51*F51 -E51*E51)/Paramètres!$B$7*Paramètres!$B$8,0)+E51*E51)*D51*G51 -> 1976.475 | BA51: =-1+AZ51/AZ50 -> -0.044502618 | BB51: =IF(F51>0,"",0.234*Paramètres!$B$12*10^9*IF(F51>0,E51,E51)^2/Paramètres!$B$7/A51^2/D51^4*10^6) -> 0.00031395086 | BC51: 2 | BD51: =BC51*SQRT(1+L51*BC51^2)-BC51 -> 0.00082743856 | BE51: =IF(F51>0,PI()^2*Paramètres!$B$12*10^9/8/O51*(E51^4+E51^2*F51^2)*10^-12/D51^2/10^-6,"-") -> - | BF51: =IF(ISBLANK(D51),"-",PI()^3*E51^4*Paramètres!$B$12*10^9/64/O51/(D51/1000)^2*10^-12) -> 0.00020690243 | BG51: =(Paramètres!$B$12*10^9)^0.5/Paramètres!$B$7/2/D51*1000 -> 39.215086
A52: =IF(ISBLANK(D52),"-",IF(AND($A$6,$A$4/2<AD52),AG52,AD52)) -> 261.57216 | B52: =IF(ISBLANK(D52),"",VLOOKUP(MOD(C52-Paramètres!$B$54,12)+1,Paramètres!$B$40:$C$52,2)&" "&(TRUNC((C52-Paramètres!$B$54+120)/12)-10+1)) -> Do 3 | C52: =IF(ISBLANK(D52),"",C51+1) -> 40 | D52: 700 | E52: 0.95 | G52: 3 | H52: SP-M | I52: =IF(ISBLANK(D52),"",IF(F52>0,AU52/AT52,AM52)) -> 0.5936228 | J52: =IF(ISBLANK(D52),"",IF(AQ52,"","]"&AO52&" -- "&AP52&"[")) | K52: =IF(ISBLANK(D52),"",BA52) -> -0.04109589 | L52: =IF(ISBLANK(D52),"",IF(F52>0,BF52,BF52)) -> 0.00021800854 | M52: =IF(ISBLANK(D52),"",IF(F52>0,"-",N52/(2^(1/12)-1))) -> 0.0054994247 | N52: =IF(ISBLANK(D52),"",IF(F52>0,"-",1.5*L52)) -> 0.00032701281 | O52: =IF(ISBLANK(D52),"",IF(F52>0,AU52,AK52)) -> 746.18385 | P52: =IF(ISBLANK(D52),"",IF(F52>0,AU52*G52,AL52)) -> 2238.5516 | Q52: 0.6 | R52: =IF(ISBLANK(D52),"",AT52*Q52) -> 754.2 | S52: =IF(ISBLANK(D52),"",AJ52) -> 0.95567531 | T52: =IF(ISBLANK(F52),"",ROUND(S52*10*G52,0)/10/G52) | U52: =IF(F52>0,(AJ52-E52)/2,"") | V52: =IF(F52>0,AN52,"") | W52: =IF(F52>0,IF(U52<Paramètres!$B$5,"!!!",""),"") | X52: =IF(U52<>"",IF(U52/3>=Paramètres!$B$5,(S52-E52)/2/3,""),"") | Y52: =IF(U52<>"",IF(U52/3>=Paramètres!$B$5,AV52,""),"") | Z52: =IF(X52<>"",Y52*2,"") | AC52: =INDEX('Charge de rupture par diamètre'!$C$1:$AC$1,AR52) -> Stephen Paulello France | AD52: =IF(ISBLANK(D52),"-",$A$4/16 * 2^((C52-1)/12)) -> 261.62557 | AE52: =AG52/(AG$9*SQRT(1+$L52*AG$9^2)) -> 261.54365 | AF52: =$AE52*AF$9*SQRT(1+$L52*AF$9^2) -> 523.31532 | AG52: =$AE$7*AG51 -> 261.57216 | AH52: =IF(AND(C52>12,F40="",AD52>$A$4),AH40*2*(1+N40),IF(AD52>=$A$4/2,AD52,AD52)) -> 261.62557 | AI52: =IF(AND(C52>12,F40="",AD52>$A$4),AH40*2*(1+N40),IF(AD52>=$A$4/2,AD52,AH64/2/(1+N52))) -> 261.62557 | AJ52: =IF(Q52>0,((R52*10^12/PI()/A52^2/D52^2-Paramètres!$B$7*E52^2)*4/PI()/Paramètres!$B$8+E52^2)^0.5,"") -> 0.95567531 | AK52: =PI()*Paramètres!$B$7*(E52*A52*D52)^2/10^12 -> 746.18385 | AL52: =AK52*G52 -> 2238.5516 | AM52: =AK52/AT52 -> 0.5936228 | AN52: =(-E52+0.1*Paramètres!$B$7/E52/Paramètres!$B$8/PI()*(AW52^2-E52^2)+(E52^2+3.8*Paramètres!$B$7/Paramètres!$B$8/PI()*(AW52^2-E52^2))^0.5)/2 -> 0.0028384805 | AO52: =VLOOKUP(C52,Paramètres!$C$30:$F$37,2,1) -> 0.5 | AP52: =VLOOKUP(C52,Paramètres!$C$30:$F$37,4,1) -> 0.65 | AQ52: =AND(I52>=AO52,I52<=AP52) -> TRUE | AR52: =HLOOKUP(H52,'Charge de rupture par diamètre'!$D$16:$AC$17,2,0) -> 3 | AS52: =VLOOKUP(E52,'Charge de rupture par diamètre'!$C$16:$AC$53,AR52,1) -> 1676 | AT52: =AS52*Paramètres!$B$9 -> 1257 | AU52: =PI()*A52^2*D52^2*(Paramètres!$B$7*E52^2+Paramètres!$B$8*PI()/4*(F52^2-E52^2))/10^12 -> 77.264007 | AV52: =0.183*(-E52+(E52^2+4*Paramètres!$B$7/PI()/Paramètres!$B$8*(AW52^2-E52^2))^0.5) -> 0.0010385822 | AW52: =(R52/PI()/Paramètres!$B$7)^0.5/A52/D52*10^6 -> 0.95508922 | AX52: =Q52*VLOOKUP(H52,Paramètres!$B$15:$C$18,2,0)*Paramètres!$B$9 -> #N/A | AY52: =(AX52/PI()/Paramètres!$B$7)^0.5/A52/D52*10^6 -> #N/A | AZ52: =(IF(F52>0,(F52*F52 -E52*E52)/Paramètres!$B$7*Paramètres!$B$8,0)+E52*E52)*D52*G52 -> 1895.25 | BA52: =-1+AZ52/AZ51 -> -0.04109589 | BB52: =IF(F52>0,"",0.234*Paramètres!$B$12*10^9*IF(F52>0,E52,E52)^2/Paramètres!$B$7/A52^2/D52^4*10^6) -> 0.00033080312 | BC52: 2 | BD52: =BC52*SQRT(1+L52*BC52^2)-BC52 -> 0.00087184413 | BE52: =IF(F52>0,PI()^2*Paramètres!$B$12*10^9/8/O52*(E52^4+E52^2*F52^2)*10^-12/D52^2/10^-6,"-") -> - | BF52: =IF(ISBLANK(D52),"-",PI()^3*E52^4*Paramètres!$B$12*10^9/64/O52/(D52/1000)^2*10^-12) -> 0.00021800854 | BG52: =(Paramètres!$B$12*10^9)^0.5/Paramètres!$B$7/2/D52*1000 -> 40.895733
A53: =IF(ISBLANK(D53),"-",IF(AND($A$6,$A$4/2<AD53),AG53,AD53)) -> 277.13233 | B53: =IF(ISBLANK(D53),"",VLOOKUP(MOD(C53-Paramètres!$B$54,12)+1,Paramètres!$B$40:$C$52,2)&" "&(TRUNC((C53-Paramètres!$B$54+120)/12)-10+1)) -> Do# 3 | C53: =IF(ISBLANK(D53),"",C52+1) -> 41 | D53: 664 | E53: 0.9 | G53: 3 | H53: SP-M | I53: =IF(ISBLANK(D53),"",IF(F53>0,AU53/AT53,AM53)) -> 0.59609422 | J53: =IF(ISBLANK(D53),"",IF(AQ53,"","]"&AO53&" -- "&AP53&"[")) | K53: =IF(ISBLANK(D53),"",BA53) -> -0.14865057 | L53: =IF(ISBLANK(D53),"",IF(F53>0,BF53,BF53)) -> 0.0002152979 | M53: =IF(ISBLANK(D53),"",IF(F53>0,"-",N53/(2^(1/12)-1))) -> 0.0054310468 | N53: =IF(ISBLANK(D53),"",IF(F53>0,"-",1.5*L53)) -> 0.00032294685 | O53: =IF(ISBLANK(D53),"",IF(F53>0,AU53,AK53)) -> 676.41792 | P53: =IF(ISBLANK(D53),"",IF(F53>0,AU53*G53,AL53)) -> 2029.2538 | Q53: 0.6 | R53: =IF(ISBLANK(D53),"",AT53*Q53) -> 680.85 | S53: =IF(ISBLANK(D53),"",AJ53) -> 0.90328311 | T53: =IF(ISBLANK(F53),"",ROUND(S53*10*G53,0)/10/G53) | U53: =IF(F53>0,(AJ53-E53)/2,"") | V53: =IF(F53>0,AN53,"") | W53: =IF(F53>0,IF(U53<Paramètres!$B$5,"!!!",""),"") | X53: =IF(U53<>"",IF(U53/3>=Paramètres!$B$5,(S53-E53)/2/3,""),"") | Y53: =IF(U53<>"",IF(U53/3>=Paramètres!$B$5,AV53,""),"") | Z53: =IF(X53<>"",Y53*2,"") | AC53: =INDEX('Charge de rupture par diamètre'!$C$1:$AC$1,AR53) -> Stephen Paulello France | AD53: =IF(ISBLANK(D53),"-",$A$4/16 * 2^((C53-1)/12)) -> 277.18263 | AE53: =AG53/(AG$9*SQRT(1+$L53*AG$9^2)) -> 277.10251 | AF53: =$AE53*AF$9*SQRT(1+$L53*AF$9^2) -> 554.4436 | AG53: =$AE$7*AG52 -> 277.13233 | AH53: =IF(AND(C53>12,F41="",AD53>$A$4),AH41*2*(1+N41),IF(AD53>=$A$4/2,AD53,AD53)) -> 277.18263 | AI53: =IF(AND(C53>12,F41="",AD53>$A$4),AH41*2*(1+N41),IF(AD53>=$A$4/2,AD53,AH65/2/(1+N53))) -> 277.18263 | AJ53: =IF(Q53>0,((R53*10^12/PI()/A53^2/D53^2-Paramètres!$B$7*E53^2)*4/PI()/Paramètres!$B$8+E53^2)^0.5,"") -> 0.90328311 | AK53: =PI()*Paramètres!$B$7*(E53*A53*D53)^2/10^12 -> 676.41792 | AL53: =AK53*G53 -> 2029.2538 | AM53: =AK53/AT53 -> 0.59609422 | AN53: =(-E53+0.1*Paramètres!$B$7/E53/Paramètres!$B$8/PI()*(AW53^2-E53^2)+(E53^2+3.8*Paramètres!$B$7/Paramètres!$B$8/PI()*(AW53^2-E53^2))^0.5)/2 -> 0.0016418462 | AO53: =VLOOKUP(C53,Paramètres!$C$30:$F$37,2,1) -> 0.5 | AP53: =VLOOKUP(C53,Paramètres!$C$30:$F$37,4,1) -> 0.65 | AQ53: =AND(I53>=AO53,I53<=AP53) -> TRUE | AR53: =HLOOKUP(H53,'Charge de rupture par diamètre'!$D$16:$AC$17,2,0) -> 3 | AS53: =VLOOKUP(E53,'Charge de rupture par diamètre'!$C$16:$AC$53,AR53,1) -> 1513 | AT53: =AS53*Paramètres!$B$9 -> 1134.75 | AU53: =PI()*A53^2*D53^2*(Paramètres!$B$7*E53^2+Paramètres!$B$8*PI()/4*(F53^2-E53^2))/10^12 -> 70.040056 | AV53: =0.183*(-E53+(E53^2+4*Paramètres!$B$7/PI()/Paramètres!$B$8*(AW53^2-E53^2))^0.5) -> 0.00060080906 | AW53: =(R53/PI()/Paramètres!$B$7)^0.5/A53/D53*10^6 -> 0.90294371 | AX53: =Q53*VLOOKUP(H53,Paramètres!$B$15:$C$18,2,0)*Paramètres!$B$9 -> #N/A | AY53: =(AX53/PI()/Paramètres!$B$7)^0.5/A53/D53*10^6 -> #N/A | AZ53: =(IF(F53>0,(F53*F53 -E53*E53)/Paramètres!$B$7*Paramètres!$B$8,0)+E53*E53)*D53*G53 -> 1613.52 | BA53: =-1+AZ53/AZ52 -> -0.14865057 | BB53: =IF(F53>0,"",0.234*Paramètres!$B$12*10^9*IF(F53>0,E53,E53)^2/Paramètres!$B$7/A53^2/D53^4*10^6) -> 0.00032669002 | BC53: 2 | BD53: =BC53*SQRT(1+L53*BC53^2)-BC53 -> 0.00086100626 | BE53: =IF(F53>0,PI()^2*Paramètres!$B$12*10^9/8/O53*(E53^4+E53^2*F53^2)*10^-12/D53^2/10^-6,"-") -> - | BF53: =IF(ISBLANK(D53),"-",PI()^3*E53^4*Paramètres!$B$12*10^9/64/O53/(D53/1000)^2*10^-12) -> 0.0002152979 | BG53: =(Paramètres!$B$12*10^9)^0.5/Paramètres!$B$7/2/D53*1000 -> 43.112971
A54: =IF(ISBLANK(D54),"-",IF(AND($A$6,$A$4/2<AD54),AG54,AD54)) -> 293.61814 | B54: =IF(ISBLANK(D54),"",VLOOKUP(MOD(C54-Paramètres!$B$54,12)+1,Paramètres!$B$40:$C$52,2)&" "&(TRUNC((C54-Paramètres!$B$54+120)/12)-10+1)) -> Ré 3 | C54: =IF(ISBLANK(D54),"",C53+1) -> 42 | D54: 634 | E54: 0.9 | G54: 3 | H54: SP-M | I54: =IF(ISBLANK(D54),"",IF(F54>0,AU54/AT54,AM54)) -> 0.61002641 | J54: =IF(ISBLANK(D54),"",IF(AQ54,"","]"&AO54&" -- "&AP54&"[")) | K54: =IF(ISBLANK(D54),"",BA54) -> -0.045180723 | L54: =IF(ISBLANK(D54),"",IF(F54>0,BF54,BF54)) -> 0.00023076169 | M54: =IF(ISBLANK(D54),"",IF(F54>0,"-",N54/(2^(1/12)-1))) -> 0.0058211321 | N54: =IF(ISBLANK(D54),"",IF(F54>0,"-",1.5*L54)) -> 0.00034614253 | O54: =IF(ISBLANK(D54),"",IF(F54>0,AU54,AK54)) -> 692.22747 | P54: =IF(ISBLANK(D54),"",IF(F54>0,AU54*G54,AL54)) -> 2076.6824 | Q54: 0.6 | R54: =IF(ISBLANK(D54),"",AT54*Q54) -> 680.85 | S54: =IF(ISBLANK(D54),"",AJ54) -> 0.89171131 | T54: =IF(ISBLANK(F54),"",ROUND(S54*10*G54,0)/10/G54) | U54: =IF(F54>0,(AJ54-E54)/2,"") | V54: =IF(F54>0,AN54,"") | W54: =IF(F54>0,IF(U54<Paramètres!$B$5,"!!!",""),"") | X54: =IF(U54<>"",IF(U54/3>=Paramètres!$B$5,(S54-E54)/2/3,""),"") | Y54: =IF(U54<>"",IF(U54/3>=Paramètres!$B$5,AV54,""),"") | Z54: =IF(X54<>"",Y54*2,"") | AC54: =INDEX('Charge de rupture par diamètre'!$C$1:$AC$1,AR54) -> Stephen Paulello France | AD54: =IF(ISBLANK(D54),"-",$A$4/16 * 2^((C54-1)/12)) -> 293.66477 | AE54: =AG54/(AG$9*SQRT(1+$L54*AG$9^2)) -> 293.58427 | AF54: =$AE54*AF$9*SQRT(1+$L54*AF$9^2) -> 587.43947 | AG54: =$AE$7*AG53 -> 293.61814 | AH54: =IF(AND(C54>12,F42="",AD54>$A$4),AH42*2*(1+N42),IF(AD54>=$A$4/2,AD54,AD54)) -> 293.66477 | AI54: =IF(AND(C54>12,F42="",AD54>$A$4),AH42*2*(1+N42),IF(AD54>=$A$4/2,AD54,AH66/2/(1+N54))) -> 293.66477 | AJ54: =IF(Q54>0,((R54*10^12/PI()/A54^2/D54^2-Paramètres!$B$7*E54^2)*4/PI()/Paramètres!$B$8+E54^2)^0.5,"") -> 0.89171131 | AK54: =PI()*Paramètres!$B$7*(E54*A54*D54)^2/10^12 -> 692.22747 | AL54: =AK54*G54 -> 2076.6824 | AM54: =AK54/AT54 -> 0.61002641 | AN54: =(-E54+0.1*Paramètres!$B$7/E54/Paramètres!$B$8/PI()*(AW54^2-E54^2)+(E54^2+3.8*Paramètres!$B$7/Paramètres!$B$8/PI()*(AW54^2-E54^2))^0.5)/2 -> -0.0041424744 | AO54: =VLOOKUP(C54,Paramètres!$C$30:$F$37,2,1) -> 0.5 | AP54: =VLOOKUP(C54,Paramètres!$C$30:$F$37,4,1) -> 0.65 | AQ54: =AND(I54>=AO54,I54<=AP54) -> TRUE | AR54: =HLOOKUP(H54,'Charge de rupture par diamètre'!$D$16:$AC$17,2,0) -> 3 | AS54: =VLOOKUP(E54,'Charge de rupture par diamètre'!$C$16:$AC$53,AR54,1) -> 1513 | AT54: =AS54*Paramètres!$B$9 -> 1134.75 | AU54: =PI()*A54^2*D54^2*(Paramètres!$B$7*E54^2+Paramètres!$B$8*PI()/4*(F54^2-E54^2))/10^12 -> 71.677064 | AV54: =0.183*(-E54+(E54^2+4*Paramètres!$B$7/PI()/Paramètres!$B$8*(AW54^2-E54^2))^0.5) -> -0.0015168296 | AW54: =(R54/PI()/Paramètres!$B$7)^0.5/A54/D54*10^6 -> 0.89257314 | AX54: =Q54*VLOOKUP(H54,Paramètres!$B$15:$C$18,2,0)*Paramètres!$B$9 -> #N/A | AY54: =(AX54/PI()/Paramètres!$B$7)^0.5/A54/D54*10^6 -> #N/A | AZ54: =(IF(F54>0,(F54*F54 -E54*E54)/Paramètres!$B$7*Paramètres!$B$8,0)+E54*E54)*D54*G54 -> 1540.62 | BA54: =-1+AZ54/AZ53 -> -0.045180723 | BB54: =IF(F54>0,"",0.234*Paramètres!$B$12*10^9*IF(F54>0,E54,E54)^2/Paramètres!$B$7/A54^2/D54^4*10^6) -> 0.00035015456 | BC54: 2 | BD54: =BC54*SQRT(1+L54*BC54^2)-BC54 -> 0.00092283384 | BE54: =IF(F54>0,PI()^2*Paramètres!$B$12*10^9/8/O54*(E54^4+E54^2*F54^2)*10^-12/D54^2/10^-6,"-") -> - | BF54: =IF(ISBLANK(D54),"-",PI()^3*E54^4*Paramètres!$B$12*10^9/64/O54/(D54/1000)^2*10^-12) -> 0.00023076169 | BG54: =(Paramètres!$B$12*10^9)^0.5/Paramètres!$B$7/2/D54*1000 -> 45.153017
A55: =IF(ISBLANK(D55),"-",IF(AND($A$6,$A$4/2<AD55),AG55,AD55)) -> 311.08464 | B55: =IF(ISBLANK(D55),"",VLOOKUP(MOD(C55-Paramètres!$B$54,12)+1,Paramètres!$B$40:$C$52,2)&" "&(TRUNC((C55-Paramètres!$B$54+120)/12)-10+1)) -> Ré# 3 | C55: =IF(ISBLANK(D55),"",C54+1) -> 43 | D55: 606 | E55: 0.9 | G55: 3 | H55: SP-M | I55: =IF(ISBLANK(D55),"",IF(F55>0,AU55/AT55,AM55)) -> 0.62561441 | J55: =IF(ISBLANK(D55),"",IF(AQ55,"","]"&AO55&" -- "&AP55&"[")) | K55: =IF(ISBLANK(D55),"",BA55) -> -0.044164038 | L55: =IF(ISBLANK(D55),"",IF(F55>0,BF55,BF55)) -> 0.00024628551 | M55: =IF(ISBLANK(D55),"",IF(F55>0,"-",N55/(2^(1/12)-1))) -> 0.0062127321 | N55: =IF(ISBLANK(D55),"",IF(F55>0,"-",1.5*L55)) -> 0.00036942827 | O55: =IF(ISBLANK(D55),"",IF(F55>0,AU55,AK55)) -> 709.91595 | P55: =IF(ISBLANK(D55),"",IF(F55>0,AU55*G55,AL55)) -> 2129.7478 | Q55: 0.6 | R55: =IF(ISBLANK(D55),"",AT55*Q55) -> 680.85 | S55: =IF(ISBLANK(D55),"",AJ55) -> 0.87920745 | T55: =IF(ISBLANK(F55),"",ROUND(S55*10*G55,0)/10/G55) | U55: =IF(F55>0,(AJ55-E55)/2,"") | V55: =IF(F55>0,AN55,"") | W55: =IF(F55>0,IF(U55<Paramètres!$B$5,"!!!",""),"") | X55: =IF(U55<>"",IF(U55/3>=Paramètres!$B$5,(S55-E55)/2/3,""),"") | Y55: =IF(U55<>"",IF(U55/3>=Paramètres!$B$5,AV55,""),"") | Z55: =IF(X55<>"",Y55*2,"") | AC55: =INDEX('Charge de rupture par diamètre'!$C$1:$AC$1,AR55) -> Stephen Paulello France | AD55: =IF(ISBLANK(D55),"-",$A$4/16 * 2^((C55-1)/12)) -> 311.12698 | AE55: =AG55/(AG$9*SQRT(1+$L55*AG$9^2)) -> 311.04634 | AF55: =$AE55*AF$9*SQRT(1+$L55*AF$9^2) -> 622.39903 | AG55: =$AE$7*AG54 -> 311.08464 | AH55: =IF(AND(C55>12,F43="",AD55>$A$4),AH43*2*(1+N43),IF(AD55>=$A$4/2,AD55,AD55)) -> 311.12698 | AI55: =IF(AND(C55>12,F43="",AD55>$A$4),AH43*2*(1+N43),IF(AD55>=$A$4/2,AD55,AH67/2/(1+N55))) -> 311.12698 | AJ55: =IF(Q55>0,((R55*10^12/PI()/A55^2/D55^2-Paramètres!$B$7*E55^2)*4/PI()/Paramètres!$B$8+E55^2)^0.5,"") -> 0.87920745 | AK55: =PI()*Paramètres!$B$7*(E55*A55*D55)^2/10^12 -> 709.91595 | AL55: =AK55*G55 -> 2129.7478 | AM55: =AK55/AT55 -> 0.62561441 | AN55: =(-E55+0.1*Paramètres!$B$7/E55/Paramètres!$B$8/PI()*(AW55^2-E55^2)+(E55^2+3.8*Paramètres!$B$7/Paramètres!$B$8/PI()*(AW55^2-E55^2))^0.5)/2 -> -0.010384438 | AO55: =VLOOKUP(C55,Paramètres!$C$30:$F$37,2,1) -> 0.5 | AP55: =VLOOKUP(C55,Paramètres!$C$30:$F$37,4,1) -> 0.65 | AQ55: =AND(I55>=AO55,I55<=AP55) -> TRUE | AR55: =HLOOKUP(H55,'Charge de rupture par diamètre'!$D$16:$AC$17,2,0) -> 3 | AS55: =VLOOKUP(E55,'Charge de rupture par diamètre'!$C$16:$AC$53,AR55,1) -> 1513 | AT55: =AS55*Paramètres!$B$9 -> 1134.75 | AU55: =PI()*A55^2*D55^2*(Paramètres!$B$7*E55^2+Paramètres!$B$8*PI()/4*(F55^2-E55^2))/10^12 -> 73.508627 | AV55: =0.183*(-E55+(E55^2+4*Paramètres!$B$7/PI()/Paramètres!$B$8*(AW55^2-E55^2))^0.5) -> -0.0038050367 | AW55: =(R55/PI()/Paramètres!$B$7)^0.5/A55/D55*10^6 -> 0.88138319 | AX55: =Q55*VLOOKUP(H55,Paramètres!$B$15:$C$18,2,0)*Paramètres!$B$9 -> #N/A | AY55: =(AX55/PI()/Paramètres!$B$7)^0.5/A55/D55*10^6 -> #N/A | AZ55: =(IF(F55>0,(F55*F55 -E55*E55)/Paramètres!$B$7*Paramètres!$B$8,0)+E55*E55)*D55*G55 -> 1472.58 | BA55: =-1+AZ55/AZ54 -> -0.044164038 | BB55: =IF(F55>0,"",0.234*Paramètres!$B$12*10^9*IF(F55>0,E55,E55)^2/Paramètres!$B$7/A55^2/D55^4*10^6) -> 0.0003737102 | BC55: 2 | BD55: =BC55*SQRT(1+L55*BC55^2)-BC55 -> 0.00098489955 | BE55: =IF(F55>0,PI()^2*Paramètres!$B$12*10^9/8/O55*(E55^4+E55^2*F55^2)*10^-12/D55^2/10^-6,"-") -> - | BF55: =IF(ISBLANK(D55),"-",PI()^3*E55^4*Paramètres!$B$12*10^9/64/O55/(D55/1000)^2*10^-12) -> 0.00024628551 | BG55: =(Paramètres!$B$12*10^9)^0.5/Paramètres!$B$7/2/D55*1000 -> 47.239295
A56: =IF(ISBLANK(D56),"-",IF(AND($A$6,$A$4/2<AD56),AG56,AD56)) -> 329.59017 | B56: =IF(ISBLANK(D56),"",VLOOKUP(MOD(C56-Paramètres!$B$54,12)+1,Paramètres!$B$40:$C$52,2)&" "&(TRUNC((C56-Paramètres!$B$54+120)/12)-10+1)) -> Mi 3 | C56: =IF(ISBLANK(D56),"",C55+1) -> 44 | D56: 575 | E56: 0.9 | G56: 3 | H56: SP-M | I56: =IF(ISBLANK(D56),"",IF(F56>0,AU56/AT56,AM56)) -> 0.63224958 | J56: =IF(ISBLANK(D56),"",IF(AQ56,"","]"&AO56&" -- "&AP56&"[")) | K56: =IF(ISBLANK(D56),"",BA56) -> -0.051155116 | L56: =IF(ISBLANK(D56),"",IF(F56>0,BF56,BF56)) -> 0.00027068651 | M56: =IF(ISBLANK(D56),"",IF(F56>0,"-",N56/(2^(1/12)-1))) -> 0.0068282651 | N56: =IF(ISBLANK(D56),"",IF(F56>0,"-",1.5*L56)) -> 0.00040602977 | O56: =IF(ISBLANK(D56),"",IF(F56>0,AU56,AK56)) -> 717.44522 | P56: =IF(ISBLANK(D56),"",IF(F56>0,AU56*G56,AL56)) -> 2152.3356 | Q56: 0.6 | R56: =IF(ISBLANK(D56),"",AT56*Q56) -> 680.85 | S56: =IF(ISBLANK(D56),"",AJ56) -> 0.87402032 | T56: =IF(ISBLANK(F56),"",ROUND(S56*10*G56,0)/10/G56) | U56: =IF(F56>0,(AJ56-E56)/2,"") | V56: =IF(F56>0,AN56,"") | W56: =IF(F56>0,IF(U56<Paramètres!$B$5,"!!!",""),"") | X56: =IF(U56<>"",IF(U56/3>=Paramètres!$B$5,(S56-E56)/2/3,""),"") | Y56: =IF(U56<>"",IF(U56/3>=Paramètres!$B$5,AV56,""),"") | Z56: =IF(X56<>"",Y56*2,"") | AC56: =INDEX('Charge de rupture par diamètre'!$C$1:$AC$1,AR56) -> Stephen Paulello France | AD56: =IF(ISBLANK(D56),"-",$A$4/16 * 2^((C56-1)/12)) -> 329.62756 | AE56: =AG56/(AG$9*SQRT(1+$L56*AG$9^2)) -> 329.54557 | AF56: =$AE56*AF$9*SQRT(1+$L56*AF$9^2) -> 659.44786 | AG56: =$AE$7*AG55 -> 329.59017 | AH56: =IF(AND(C56>12,F44="",AD56>$A$4),AH44*2*(1+N44),IF(AD56>=$A$4/2,AD56,AD56)) -> 329.62756 | AI56: =IF(AND(C56>12,F44="",AD56>$A$4),AH44*2*(1+N44),IF(AD56>=$A$4/2,AD56,AH68/2/(1+N56))) -> 329.62756 | AJ56: =IF(Q56>0,((R56*10^12/PI()/A56^2/D56^2-Paramètres!$B$7*E56^2)*4/PI()/Paramètres!$B$8+E56^2)^0.5,"") -> 0.87402032 | AK56: =PI()*Paramètres!$B$7*(E56*A56*D56)^2/10^12 -> 717.44522 | AL56: =AK56*G56 -> 2152.3356 | AM56: =AK56/AT56 -> 0.63224958 | AN56: =(-E56+0.1*Paramètres!$B$7/E56/Paramètres!$B$8/PI()*(AW56^2-E56^2)+(E56^2+3.8*Paramètres!$B$7/Paramètres!$B$8/PI()*(AW56^2-E56^2))^0.5)/2 -> -0.012971308 | AO56: =VLOOKUP(C56,Paramètres!$C$30:$F$37,2,1) -> 0.5 | AP56: =VLOOKUP(C56,Paramètres!$C$30:$F$37,4,1) -> 0.65 | AQ56: =AND(I56>=AO56,I56<=AP56) -> TRUE | AR56: =HLOOKUP(H56,'Charge de rupture par diamètre'!$D$16:$AC$17,2,0) -> 3 | AS56: =VLOOKUP(E56,'Charge de rupture par diamètre'!$C$16:$AC$53,AR56,1) -> 1513 | AT56: =AS56*Paramètres!$B$9 -> 1134.75 | AU56: =PI()*A56^2*D56^2*(Paramètres!$B$7*E56^2+Paramètres!$B$8*PI()/4*(F56^2-E56^2))/10^12 -> 74.288249 | AV56: =0.183*(-E56+(E56^2+4*Paramètres!$B$7/PI()/Paramètres!$B$8*(AW56^2-E56^2))^0.5) -> -0.004754281 | AW56: =(R56/PI()/Paramètres!$B$7)^0.5/A56/D56*10^6 -> 0.87674613 | AX56: =Q56*VLOOKUP(H56,Paramètres!$B$15:$C$18,2,0)*Paramètres!$B$9 -> #N/A | AY56: =(AX56/PI()/Paramètres!$B$7)^0.5/A56/D56*10^6 -> #N/A | AZ56: =(IF(F56>0,(F56*F56 -E56*E56)/Paramètres!$B$7*Paramètres!$B$8,0)+E56*E56)*D56*G56 -> 1397.25 | BA56: =-1+AZ56/AZ55 -> -0.051155116 | BB56: =IF(F56>0,"",0.234*Paramètres!$B$12*10^9*IF(F56>0,E56,E56)^2/Paramètres!$B$7/A56^2/D56^4*10^6) -> 0.00041073594 | BC56: 2 | BD56: =BC56*SQRT(1+L56*BC56^2)-BC56 -> 0.0010824531 | BE56: =IF(F56>0,PI()^2*Paramètres!$B$12*10^9/8/O56*(E56^4+E56^2*F56^2)*10^-12/D56^2/10^-6,"-") -> - | BF56: =IF(ISBLANK(D56),"-",PI()^3*E56^4*Paramètres!$B$12*10^9/64/O56/(D56/1000)^2*10^-12) -> 0.00027068651 | BG56: =(Paramètres!$B$12*10^9)^0.5/Paramètres!$B$7/2/D56*1000 -> 49.786109
A57: =IF(ISBLANK(D57),"-",IF(AND($A$6,$A$4/2<AD57),AG57,AD57)) -> 349.19654 | B57: =IF(ISBLANK(D57),"",VLOOKUP(MOD(C57-Paramètres!$B$54,12)+1,Paramètres!$B$40:$C$52,2)&" "&(TRUNC((C57-Paramètres!$B$54+120)/12)-10+1)) -> Fa 3 | C57: =IF(ISBLANK(D57),"",C56+1) -> 45 | D57: 546 | E57: 0.9 | G57: 3 | H57: SP-M | I57: =IF(ISBLANK(D57),"",IF(F57>0,AU57/AT57,AM57)) -> 0.63992565 | J57: =IF(ISBLANK(D57),"",IF(AQ57,"","]"&AO57&" -- "&AP57&"[")) | K57: =IF(ISBLANK(D57),"",BA57) -> -0.050434783 | L57: =IF(ISBLANK(D57),"",IF(F57>0,BF57,BF57)) -> 0.00029660335 | M57: =IF(ISBLANK(D57),"",IF(F57>0,"-",N57/(2^(1/12)-1))) -> 0.0074820363 | N57: =IF(ISBLANK(D57),"",IF(F57>0,"-",1.5*L57)) -> 0.00044490503 | O57: =IF(ISBLANK(D57),"",IF(F57>0,AU57,AK57)) -> 726.15563 | P57: =IF(ISBLANK(D57),"",IF(F57>0,AU57*G57,AL57)) -> 2178.4669 | Q57: 0.6 | R57: =IF(ISBLANK(D57),"",AT57*Q57) -> 680.85 | S57: =IF(ISBLANK(D57),"",AJ57) -> 0.86811632 | T57: =IF(ISBLANK(F57),"",ROUND(S57*10*G57,0)/10/G57) | U57: =IF(F57>0,(AJ57-E57)/2,"") | V57: =IF(F57>0,AN57,"") | W57: =IF(F57>0,IF(U57<Paramètres!$B$5,"!!!",""),"") | X57: =IF(U57<>"",IF(U57/3>=Paramètres!$B$5,(S57-E57)/2/3,""),"") | Y57: =IF(U57<>"",IF(U57/3>=Paramètres!$B$5,AV57,""),"") | Z57: =IF(X57<>"",Y57*2,"") | AC57: =INDEX('Charge de rupture par diamètre'!$C$1:$AC$1,AR57) -> Stephen Paulello France | AD57: =IF(ISBLANK(D57),"-",$A$4/16 * 2^((C57-1)/12)) -> 349.22823 | AE57: =AG57/(AG$9*SQRT(1+$L57*AG$9^2)) -> 349.14477 | AF57: =$AE57*AF$9*SQRT(1+$L57*AF$9^2) -> 698.70365 | AG57: =$AE$7*AG56 -> 349.19654 | AH57: =IF(AND(C57>12,F45="",AD57>$A$4),AH45*2*(1+N45),IF(AD57>=$A$4/2,AD57,AD57)) -> 349.22823 | AI57: =IF(AND(C57>12,F45="",AD57>$A$4),AH45*2*(1+N45),IF(AD57>=$A$4/2,AD57,AH69/2/(1+N57))) -> 349.22823 | AJ57: =IF(Q57>0,((R57*10^12/PI()/A57^2/D57^2-Paramètres!$B$7*E57^2)*4/PI()/Paramètres!$B$8+E57^2)^0.5,"") -> 0.86811632 | AK57: =PI()*Paramètres!$B$7*(E57*A57*D57)^2/10^12 -> 726.15563 | AL57: =AK57*G57 -> 2178.4669 | AM57: =AK57/AT57 -> 0.63992565 | AN57: =(-E57+0.1*Paramètres!$B$7/E57/Paramètres!$B$8/PI()*(AW57^2-E57^2)+(E57^2+3.8*Paramètres!$B$7/Paramètres!$B$8/PI()*(AW57^2-E57^2))^0.5)/2 -> -0.01591384 | AO57: =VLOOKUP(C57,Paramètres!$C$30:$F$37,2,1) -> 0.5 | AP57: =VLOOKUP(C57,Paramètres!$C$30:$F$37,4,1) -> 0.65 | AQ57: =AND(I57>=AO57,I57<=AP57) -> TRUE | AR57: =HLOOKUP(H57,'Charge de rupture par diamètre'!$D$16:$AC$17,2,0) -> 3 | AS57: =VLOOKUP(E57,'Charge de rupture par diamètre'!$C$16:$AC$53,AR57,1) -> 1513 | AT57: =AS57*Paramètres!$B$9 -> 1134.75 | AU57: =PI()*A57^2*D57^2*(Paramètres!$B$7*E57^2+Paramètres!$B$8*PI()/4*(F57^2-E57^2))/10^12 -> 75.190174 | AV57: =0.183*(-E57+(E57^2+4*Paramètres!$B$7/PI()/Paramètres!$B$8*(AW57^2-E57^2))^0.5) -> -0.0058347131 | AW57: =(R57/PI()/Paramètres!$B$7)^0.5/A57/D57*10^6 -> 0.87147188 | AX57: =Q57*VLOOKUP(H57,Paramètres!$B$15:$C$18,2,0)*Paramètres!$B$9 -> #N/A | AY57: =(AX57/PI()/Paramètres!$B$7)^0.5/A57/D57*10^6 -> #N/A | AZ57: =(IF(F57>0,(F57*F57 -E57*E57)/Paramètres!$B$7*Paramètres!$B$8,0)+E57*E57)*D57*G57 -> 1326.78 | BA57: =-1+AZ57/AZ56 -> -0.050434783 | BB57: =IF(F57>0,"",0.234*Paramètres!$B$12*10^9*IF(F57>0,E57,E57)^2/Paramètres!$B$7/A57^2/D57^4*10^6) -> 0.00045006179 | BC57: 2 | BD57: =BC57*SQRT(1+L57*BC57^2)-BC57 -> 0.0011860617 | BE57: =IF(F57>0,PI()^2*Paramètres!$B$12*10^9/8/O57*(E57^4+E57^2*F57^2)*10^-12/D57^2/10^-6,"-") -> - | BF57: =IF(ISBLANK(D57),"-",PI()^3*E57^4*Paramètres!$B$12*10^9/64/O57/(D57/1000)^2*10^-12) -> 0.00029660335 | BG57: =(Paramètres!$B$12*10^9)^0.5/Paramètres!$B$7/2/D57*1000 -> 52.430426
A58: =IF(ISBLANK(D58),"-",IF(AND($A$6,$A$4/2<AD58),AG58,AD58)) -> 369.96924 | B58: =IF(ISBLANK(D58),"",VLOOKUP(MOD(C58-Paramètres!$B$54,12)+1,Paramètres!$B$40:$C$52,2)&" "&(TRUNC((C58-Paramètres!$B$54+120)/12)-10+1)) -> Fa# 3 | C58: =IF(ISBLANK(D58),"",C57+1) -> 46 | D58: 515 | E58: 0.9 | G58: 3 | H58: SP-M | I58: =IF(ISBLANK(D58),"",IF(F58>0,AU58/AT58,AM58)) -> 0.6390724 | J58: =IF(ISBLANK(D58),"",IF(AQ58,"","]"&AO58&" -- "&AP58&"[")) | K58: =IF(ISBLANK(D58),"",BA58) -> -0.056776557 | L58: =IF(ISBLANK(D58),"",IF(F58>0,BF58,BF58)) -> 0.00033383075 | M58: =IF(ISBLANK(D58),"",IF(F58>0,"-",N58/(2^(1/12)-1))) -> 0.0084211246 | N58: =IF(ISBLANK(D58),"",IF(F58>0,"-",1.5*L58)) -> 0.00050074613 | O58: =IF(ISBLANK(D58),"",IF(F58>0,AU58,AK58)) -> 725.1874 | P58: =IF(ISBLANK(D58),"",IF(F58>0,AU58*G58,AL58)) -> 2175.5622 | Q58: 0.6 | R58: =IF(ISBLANK(D58),"",AT58*Q58) -> 680.85 | S58: =IF(ISBLANK(D58),"",AJ58) -> 0.86876755 | T58: =IF(ISBLANK(F58),"",ROUND(S58*10*G58,0)/10/G58) | U58: =IF(F58>0,(AJ58-E58)/2,"") | V58: =IF(F58>0,AN58,"") | W58: =IF(F58>0,IF(U58<Paramètres!$B$5,"!!!",""),"") | X58: =IF(U58<>"",IF(U58/3>=Paramètres!$B$5,(S58-E58)/2/3,""),"") | Y58: =IF(U58<>"",IF(U58/3>=Paramètres!$B$5,AV58,""),"") | Z58: =IF(X58<>"",Y58*2,"") | AC58: =INDEX('Charge de rupture par diamètre'!$C$1:$AC$1,AR58) -> Stephen Paulello France | AD58: =IF(ISBLANK(D58),"-",$A$4/16 * 2^((C58-1)/12)) -> 369.99442 | AE58: =AG58/(AG$9*SQRT(1+$L58*AG$9^2)) -> 369.90751 | AF58: =$AE58*AF$9*SQRT(1+$L58*AF$9^2) -> 740.30879 | AG58: =$AE$7*AG57 -> 369.96924 | AH58: =IF(AND(C58>12,F46="",AD58>$A$4),AH46*2*(1+N46),IF(AD58>=$A$4/2,AD58,AD58)) -> 369.99442 | AI58: =IF(AND(C58>12,F46="",AD58>$A$4),AH46*2*(1+N46),IF(AD58>=$A$4/2,AD58,AH70/2/(1+N58))) -> 369.99442 | AJ58: =IF(Q58>0,((R58*10^12/PI()/A58^2/D58^2-Paramètres!$B$7*E58^2)*4/PI()/Paramètres!$B$8+E58^2)^0.5,"") -> 0.86876755 | AK58: =PI()*Paramètres!$B$7*(E58*A58*D58)^2/10^12 -> 725.1874 | AL58: =AK58*G58 -> 2175.5622 | AM58: =AK58/AT58 -> 0.6390724 | AN58: =(-E58+0.1*Paramètres!$B$7/E58/Paramètres!$B$8/PI()*(AW58^2-E58^2)+(E58^2+3.8*Paramètres!$B$7/Paramètres!$B$8/PI()*(AW58^2-E58^2))^0.5)/2 -> -0.015589366 | AO58: =VLOOKUP(C58,Paramètres!$C$30:$F$37,2,1) -> 0.5 | AP58: =VLOOKUP(C58,Paramètres!$C$30:$F$37,4,1) -> 0.65 | AQ58: =AND(I58>=AO58,I58<=AP58) -> TRUE | AR58: =HLOOKUP(H58,'Charge de rupture par diamètre'!$D$16:$AC$17,2,0) -> 3 | AS58: =VLOOKUP(E58,'Charge de rupture par diamètre'!$C$16:$AC$53,AR58,1) -> 1513 | AT58: =AS58*Paramètres!$B$9 -> 1134.75 | AU58: =PI()*A58^2*D58^2*(Paramètres!$B$7*E58^2+Paramètres!$B$8*PI()/4*(F58^2-E58^2))/10^12 -> 75.089918 | AV58: =0.183*(-E58+(E58^2+4*Paramètres!$B$7/PI()/Paramètres!$B$8*(AW58^2-E58^2))^0.5) -> -0.0057155378 | AW58: =(R58/PI()/Paramètres!$B$7)^0.5/A58/D58*10^6 -> 0.87205345 | AX58: =Q58*VLOOKUP(H58,Paramètres!$B$15:$C$18,2,0)*Paramètres!$B$9 -> #N/A | AY58: =(AX58/PI()/Paramètres!$B$7)^0.5/A58/D58*10^6 -> #N/A | AZ58: =(IF(F58>0,(F58*F58 -E58*E58)/Paramètres!$B$7*Paramètres!$B$8,0)+E58*E58)*D58*G58 -> 1251.45 | BA58: =-1+AZ58/AZ57 -> -0.056776557 | BB58: =IF(F58>0,"",0.234*Paramètres!$B$12*10^9*IF(F58>0,E58,E58)^2/Paramètres!$B$7/A58^2/D58^4*10^6) -> 0.00050655013 | BC58: 2 | BD58: =BC58*SQRT(1+L58*BC58^2)-BC58 -> 0.0013348775 | BE58: =IF(F58>0,PI()^2*Paramètres!$B$12*10^9/8/O58*(E58^4+E58^2*F58^2)*10^-12/D58^2/10^-6,"-") -> - | BF58: =IF(ISBLANK(D58),"-",PI()^3*E58^4*Paramètres!$B$12*10^9/64/O58/(D58/1000)^2*10^-12) -> 0.00033383075 | BG58: =(Paramètres!$B$12*10^9)^0.5/Paramètres!$B$7/2/D58*1000 -> 55.586433
A59: =IF(ISBLANK(D59),"-",IF(AND($A$6,$A$4/2<AD59),AG59,AD59)) -> 391.97765 | B59: =IF(ISBLANK(D59),"",VLOOKUP(MOD(C59-Paramètres!$B$54,12)+1,Paramètres!$B$40:$C$52,2)&" "&(TRUNC((C59-Paramètres!$B$54+120)/12)-10+1)) -> Sol 3 | C59: =IF(ISBLANK(D59),"",C58+1) -> 47 | D59: 456 | E59: 0.9 | G59: 3 | H59: SP-M | I59: =IF(ISBLANK(D59),"",IF(F59>0,AU59/AT59,AM59)) -> 0.56241469 | J59: =IF(ISBLANK(D59),"",IF(AQ59,"","]"&AO59&" -- "&AP59&"[")) | K59: =IF(ISBLANK(D59),"",BA59) -> -0.11456311 | L59: =IF(ISBLANK(D59),"",IF(F59>0,BF59,BF59)) -> 0.00048384306 | M59: =IF(ISBLANK(D59),"",IF(F59>0,"-",N59/(2^(1/12)-1))) -> 0.012205295 | N59: =IF(ISBLANK(D59),"",IF(F59>0,"-",1.5*L59)) -> 0.00072576459 | O59: =IF(ISBLANK(D59),"",IF(F59>0,AU59,AK59)) -> 638.20007 | P59: =IF(ISBLANK(D59),"",IF(F59>0,AU59*G59,AL59)) -> 1914.6002 | Q59: 0.6 | R59: =IF(ISBLANK(D59),"",AT59*Q59) -> 680.85 | S59: =IF(ISBLANK(D59),"",AJ59) -> 0.93294346 | T59: =IF(ISBLANK(F59),"",ROUND(S59*10*G59,0)/10/G59) | U59: =IF(F59>0,(AJ59-E59)/2,"") | V59: =IF(F59>0,AN59,"") | W59: =IF(F59>0,IF(U59<Paramètres!$B$5,"!!!",""),"") | X59: =IF(U59<>"",IF(U59/3>=Paramètres!$B$5,(S59-E59)/2/3,""),"") | Y59: =IF(U59<>"",IF(U59/3>=Paramètres!$B$5,AV59,""),"") | Z59: =IF(X59<>"",Y59*2,"") | AC59: =INDEX('Charge de rupture par diamètre'!$C$1:$AC$1,AR59) -> Stephen Paulello France | AD59: =IF(ISBLANK(D59),"-",$A$4/16 * 2^((C59-1)/12)) -> 391.99544 | AE59: =AG59/(AG$9*SQRT(1+$L59*AG$9^2)) -> 391.88286 | AF59: =$AE59*AF$9*SQRT(1+$L59*AF$9^2) -> 784.52379 | AG59: =$AE$7*AG58 -> 391.97765 | AH59: =IF(AND(C59>12,F47="",AD59>$A$4),AH47*2*(1+N47),IF(AD59>=$A$4/2,AD59,AD59)) -> 391.99544 | AI59: =IF(AND(C59>12,F47="",AD59>$A$4),AH47*2*(1+N47),IF(AD59>=$A$4/2,AD59,AH71/2/(1+N59))) -> 391.99544 | AJ59: =IF(Q59>0,((R59*10^12/PI()/A59^2/D59^2-Paramètres!$B$7*E59^2)*4/PI()/Paramètres!$B$8+E59^2)^0.5,"") -> 0.93294346 | AK59: =PI()*Paramètres!$B$7*(E59*A59*D59)^2/10^12 -> 638.20007 | AL59: =AK59*G59 -> 1914.6002 | AM59: =AK59/AT59 -> 0.56241469 | AN59: =(-E59+0.1*Paramètres!$B$7/E59/Paramètres!$B$8/PI()*(AW59^2-E59^2)+(E59^2+3.8*Paramètres!$B$7/Paramètres!$B$8/PI()*(AW59^2-E59^2))^0.5)/2 -> 0.01650064 | AO59: =VLOOKUP(C59,Paramètres!$C$30:$F$37,2,1) -> 0.5 | AP59: =VLOOKUP(C59,Paramètres!$C$30:$F$37,4,1) -> 0.65 | AQ59: =AND(I59>=AO59,I59<=AP59) -> TRUE | AR59: =HLOOKUP(H59,'Charge de rupture par diamètre'!$D$16:$AC$17,2,0) -> 3 | AS59: =VLOOKUP(E59,'Charge de rupture par diamètre'!$C$16:$AC$53,AR59,1) -> 1513 | AT59: =AS59*Paramètres!$B$9 -> 1134.75 | AU59: =PI()*A59^2*D59^2*(Paramètres!$B$7*E59^2+Paramètres!$B$8*PI()/4*(F59^2-E59^2))/10^12 -> 66.082768 | AV59: =0.183*(-E59+(E59^2+4*Paramètres!$B$7/PI()/Paramètres!$B$8*(AW59^2-E59^2))^0.5) -> 0.0060286529 | AW59: =(R59/PI()/Paramètres!$B$7)^0.5/A59/D59*10^6 -> 0.9295865 | AX59: =Q59*VLOOKUP(H59,Paramètres!$B$15:$C$18,2,0)*Paramètres!$B$9 -> #N/A | AY59: =(AX59/PI()/Paramètres!$B$7)^0.5/A59/D59*10^6 -> #N/A | AZ59: =(IF(F59>0,(F59*F59 -E59*E59)/Paramètres!$B$7*Paramètres!$B$8,0)+E59*E59)*D59*G59 -> 1108.08 | BA59: =-1+AZ59/AZ58 -> -0.11456311 | BB59: =IF(F59>0,"",0.234*Paramètres!$B$12*10^9*IF(F59>0,E59,E59)^2/Paramètres!$B$7/A59^2/D59^4*10^6) -> 0.00073417671 | BC59: 2 | BD59: =BC59*SQRT(1+L59*BC59^2)-BC59 -> 0.0019344367 | BE59: =IF(F59>0,PI()^2*Paramètres!$B$12*10^9/8/O59*(E59^4+E59^2*F59^2)*10^-12/D59^2/10^-6,"-") -> - | BF59: =IF(ISBLANK(D59),"-",PI()^3*E59^4*Paramètres!$B$12*10^9/64/O59/(D59/1000)^2*10^-12) -> 0.00048384306 | BG59: =(Paramètres!$B$12*10^9)^0.5/Paramètres!$B$7/2/D59*1000 -> 62.778537
A60: =IF(ISBLANK(D60),"-",IF(AND($A$6,$A$4/2<AD60),AG60,AD60)) -> 415.29528 | B60: =IF(ISBLANK(D60),"",VLOOKUP(MOD(C60-Paramètres!$B$54,12)+1,Paramètres!$B$40:$C$52,2)&" "&(TRUNC((C60-Paramètres!$B$54+120)/12)-10+1)) -> Sol# 3 | C60: =IF(ISBLANK(D60),"",C59+1) -> 48 | D60: 435 | E60: 0.9 | G60: 3 | H60: SP-M | I60: =IF(ISBLANK(D60),"",IF(F60>0,AU60/AT60,AM60)) -> 0.57450902 | J60: =IF(ISBLANK(D60),"",IF(AQ60,"","]"&AO60&" -- "&AP60&"[")) | K60: =IF(ISBLANK(D60),"",BA60) -> -0.046052632 | L60: =IF(ISBLANK(D60),"",IF(F60>0,BF60,BF60)) -> 0.00052049372 | M60: =IF(ISBLANK(D60),"",IF(F60>0,"-",N60/(2^(1/12)-1))) -> 0.013129834 | N60: =IF(ISBLANK(D60),"",IF(F60>0,"-",1.5*L60)) -> 0.00078074058 | O60: =IF(ISBLANK(D60),"",IF(F60>0,AU60,AK60)) -> 651.92411 | P60: =IF(ISBLANK(D60),"",IF(F60>0,AU60*G60,AL60)) -> 1955.7723 | Q60: 0.6 | R60: =IF(ISBLANK(D60),"",AT60*Q60) -> 680.85 | S60: =IF(ISBLANK(D60),"",AJ60) -> 0.92200377 | T60: =IF(ISBLANK(F60),"",ROUND(S60*10*G60,0)/10/G60) | U60: =IF(F60>0,(AJ60-E60)/2,"") | V60: =IF(F60>0,AN60,"") | W60: =IF(F60>0,IF(U60<Paramètres!$B$5,"!!!",""),"") | X60: =IF(U60<>"",IF(U60/3>=Paramètres!$B$5,(S60-E60)/2/3,""),"") | Y60: =IF(U60<>"",IF(U60/3>=Paramètres!$B$5,AV60,""),"") | Z60: =IF(X60<>"",Y60*2,"") | AC60: =INDEX('Charge de rupture par diamètre'!$C$1:$AC$1,AR60) -> Stephen Paulello France | AD60: =IF(ISBLANK(D60),"-",$A$4/16 * 2^((C60-1)/12)) -> 415.3047 | AE60: =AG60/(AG$9*SQRT(1+$L60*AG$9^2)) -> 415.18724 | AF60: =$AE60*AF$9*SQRT(1+$L60*AF$9^2) -> 831.23844 | AG60: =$AE$7*AG59 -> 415.29528 | AH60: =IF(AND(C60>12,F48="",AD60>$A$4),AH48*2*(1+N48),IF(AD60>=$A$4/2,AD60,AD60)) -> 415.3047 | AI60: =IF(AND(C60>12,F48="",AD60>$A$4),AH48*2*(1+N48),IF(AD60>=$A$4/2,AD60,AH72/2/(1+N60))) -> 415.3047 | AJ60: =IF(Q60>0,((R60*10^12/PI()/A60^2/D60^2-Paramètres!$B$7*E60^2)*4/PI()/Paramètres!$B$8+E60^2)^0.5,"") -> 0.92200377 | AK60: =PI()*Paramètres!$B$7*(E60*A60*D60)^2/10^12 -> 651.92411 | AL60: =AK60*G60 -> 1955.7723 | AM60: =AK60/AT60 -> 0.57450902 | AN60: =(-E60+0.1*Paramètres!$B$7/E60/Paramètres!$B$8/PI()*(AW60^2-E60^2)+(E60^2+3.8*Paramètres!$B$7/Paramètres!$B$8/PI()*(AW60^2-E60^2))^0.5)/2 -> 0.011014854 | AO60: =VLOOKUP(C60,Paramètres!$C$30:$F$37,2,1) -> 0.5 | AP60: =VLOOKUP(C60,Paramètres!$C$30:$F$37,4,1) -> 0.65 | AQ60: =AND(I60>=AO60,I60<=AP60) -> TRUE | AR60: =HLOOKUP(H60,'Charge de rupture par diamètre'!$D$16:$AC$17,2,0) -> 3 | AS60: =VLOOKUP(E60,'Charge de rupture par diamètre'!$C$16:$AC$53,AR60,1) -> 1513 | AT60: =AS60*Paramètres!$B$9 -> 1134.75 | AU60: =PI()*A60^2*D60^2*(Paramètres!$B$7*E60^2+Paramètres!$B$8*PI()/4*(F60^2-E60^2))/10^12 -> 67.503832 | AV60: =0.183*(-E60+(E60^2+4*Paramètres!$B$7/PI()/Paramètres!$B$8*(AW60^2-E60^2))^0.5) -> 0.0040266902 | AW60: =(R60/PI()/Paramètres!$B$7)^0.5/A60/D60*10^6 -> 0.91974981 | AX60: =Q60*VLOOKUP(H60,Paramètres!$B$15:$C$18,2,0)*Paramètres!$B$9 -> #N/A | AY60: =(AX60/PI()/Paramètres!$B$7)^0.5/A60/D60*10^6 -> #N/A | AZ60: =(IF(F60>0,(F60*F60 -E60*E60)/Paramètres!$B$7*Paramètres!$B$8,0)+E60*E60)*D60*G60 -> 1057.05 | BA60: =-1+AZ60/AZ59 -> -0.046052632 | BB60: =IF(F60>0,"",0.234*Paramètres!$B$12*10^9*IF(F60>0,E60,E60)^2/Paramètres!$B$7/A60^2/D60^4*10^6) -> 0.0007897899 | BC60: 2 | BD60: =BC60*SQRT(1+L60*BC60^2)-BC60 -> 0.0020808923 | BE60: =IF(F60>0,PI()^2*Paramètres!$B$12*10^9/8/O60*(E60^4+E60^2*F60^2)*10^-12/D60^2/10^-6,"-") -> - | BF60: =IF(ISBLANK(D60),"-",PI()^3*E60^4*Paramètres!$B$12*10^9/64/O60/(D60/1000)^2*10^-12) -> 0.00052049372 | BG60: =(Paramètres!$B$12*10^9)^0.5/Paramètres!$B$7/2/D60*1000 -> 65.809225
A61: =IF(ISBLANK(D61),"-",IF(AND($A$6,$A$4/2<AD61),AG61,AD61)) -> 440 | B61: =IF(ISBLANK(D61),"",VLOOKUP(MOD(C61-Paramètres!$B$54,12)+1,Paramètres!$B$40:$C$52,2)&" "&(TRUNC((C61-Paramètres!$B$54+120)/12)-10+1)) -> La 3 | C61: =IF(ISBLANK(D61),"",C60+1) -> 49 | D61: 413 | E61: 0.9 | G61: 3 | H61: SP-M | I61: =IF(ISBLANK(D61),"",IF(F61>0,AU61/AT61,AM61)) -> 0.5813127 | J61: =IF(ISBLANK(D61),"",IF(AQ61,"","]"&AO61&" -- "&AP61&"[")) | K61: =IF(ISBLANK(D61),"",BA61) -> -0.050574713 | L61: =IF(ISBLANK(D61),"",IF(F61>0,BF61,BF61)) -> 0.00057066461 | M61: =IF(ISBLANK(D61),"",IF(F61>0,"-",N61/(2^(1/12)-1))) -> 0.014395432 | N61: =IF(ISBLANK(D61),"",IF(F61>0,"-",1.5*L61)) -> 0.00085599692 | O61: =IF(ISBLANK(D61),"",IF(F61>0,AU61,AK61)) -> 659.64459 | P61: =IF(ISBLANK(D61),"",IF(F61>0,AU61*G61,AL61)) -> 1978.9338 | Q61: 0.6 | R61: =IF(ISBLANK(D61),"",AT61*Q61) -> 680.85 | S61: =IF(ISBLANK(D61),"",AJ61) -> 0.9159948 | T61: =IF(ISBLANK(F61),"",ROUND(S61*10*G61,0)/10/G61) | U61: =IF(F61>0,(AJ61-E61)/2,"") | V61: =IF(F61>0,AN61,"") | W61: =IF(F61>0,IF(U61<Paramètres!$B$5,"!!!",""),"") | X61: =IF(U61<>"",IF(U61/3>=Paramètres!$B$5,(S61-E61)/2/3,""),"") | Y61: =IF(U61<>"",IF(U61/3>=Paramètres!$B$5,AV61,""),"") | Z61: =IF(X61<>"",Y61*2,"") | AC61: =INDEX('Charge de rupture par diamètre'!$C$1:$AC$1,AR61) -> Stephen Paulello France | AD61: =IF(ISBLANK(D61),"-",$A$4/16 * 2^((C61-1)/12)) -> 440 | AE61: =AG61/(AG$9*SQRT(1+$L61*AG$9^2)) -> 439.87451 | AF61: =$AE61*AF$9*SQRT(1+$L61*AF$9^2) -> 880.75253 | AG61: =$A$4 -> 440 | AH61: =IF(AND(C61>12,F49="",AD61>$A$4),AH49*2*(1+N49),IF(AD61>=$A$4/2,AD61,AD61)) -> 440 | AI61: =IF(AND(C61>12,F49="",AD61>$A$4),AH49*2*(1+N49),IF(AD61>=$A$4/2,AD61,AH73/2/(1+N61))) -> 440 | AJ61: =IF(Q61>0,((R61*10^12/PI()/A61^2/D61^2-Paramètres!$B$7*E61^2)*4/PI()/Paramètres!$B$8+E61^2)^0.5,"") -> 0.9159948 | AK61: =PI()*Paramètres!$B$7*(E61*A61*D61)^2/10^12 -> 659.64459 | AL61: =AK61*G61 -> 1978.9338 | AM61: =AK61/AT61 -> 0.5813127 | AN61: =(-E61+0.1*Paramètres!$B$7/E61/Paramètres!$B$8/PI()*(AW61^2-E61^2)+(E61^2+3.8*Paramètres!$B$7/Paramètres!$B$8/PI()*(AW61^2-E61^2))^0.5)/2 -> 0.0080042737 | AO61: =VLOOKUP(C61,Paramètres!$C$30:$F$37,2,1) -> 0.5 | AP61: =VLOOKUP(C61,Paramètres!$C$30:$F$37,4,1) -> 0.65 | AQ61: =AND(I61>=AO61,I61<=AP61) -> TRUE | AR61: =HLOOKUP(H61,'Charge de rupture par diamètre'!$D$16:$AC$17,2,0) -> 3 | AS61: =VLOOKUP(E61,'Charge de rupture par diamètre'!$C$16:$AC$53,AR61,1) -> 1513 | AT61: =AS61*Paramètres!$B$9 -> 1134.75 | AU61: =PI()*A61^2*D61^2*(Paramètres!$B$7*E61^2+Paramètres!$B$8*PI()/4*(F61^2-E61^2))/10^12 -> 68.303252 | AV61: =0.183*(-E61+(E61^2+4*Paramètres!$B$7/PI()/Paramètres!$B$8*(AW61^2-E61^2))^0.5) -> 0.0029270487 | AW61: =(R61/PI()/Paramètres!$B$7)^0.5/A61/D61*10^6 -> 0.9143516 | AX61: =Q61*VLOOKUP(H61,Paramètres!$B$15:$C$18,2,0)*Paramètres!$B$9 -> #N/A | AY61: =(AX61/PI()/Paramètres!$B$7)^0.5/A61/D61*10^6 -> #N/A | AZ61: =(IF(F61>0,(F61*F61 -E61*E61)/Paramètres!$B$7*Paramètres!$B$8,0)+E61*E61)*D61*G61 -> 1003.59 | BA61: =-1+AZ61/AZ60 -> -0.050574713 | BB61: =IF(F61>0,"",0.234*Paramètres!$B$12*10^9*IF(F61>0,E61,E61)^2/Paramètres!$B$7/A61^2/D61^4*10^6) -> 0.00086591852 | BC61: 2 | BD61: =BC61*SQRT(1+L61*BC61^2)-BC61 -> 0.0022813573 | BE61: =IF(F61>0,PI()^2*Paramètres!$B$12*10^9/8/O61*(E61^4+E61^2*F61^2)*10^-12/D61^2/10^-6,"-") -> - | BF61: =IF(ISBLANK(D61),"-",PI()^3*E61^4*Paramètres!$B$12*10^9/64/O61/(D61/1000)^2*10^-12) -> 0.00057066461 | BG61: =(Paramètres!$B$12*10^9)^0.5/Paramètres!$B$7/2/D61*1000 -> 69.314801
A62: =IF(ISBLANK(D62),"-",IF(AND($A$6,$A$4/2<AD62),AG62,AD62)) -> 466.18274 | B62: =IF(ISBLANK(D62),"",VLOOKUP(MOD(C62-Paramètres!$B$54,12)+1,Paramètres!$B$40:$C$52,2)&" "&(TRUNC((C62-Paramètres!$B$54+120)/12)-10+1)) -> La# 3 | C62: =IF(ISBLANK(D62),"",C61+1) -> 50 | D62: 392 | E62: 0.9 | G62: 3 | H62: SP-M | I62: =IF(ISBLANK(D62),"",IF(F62>0,AU62/AT62,AM62)) -> 0.58788025 | J62: =IF(ISBLANK(D62),"",IF(AQ62,"","]"&AO62&" -- "&AP62&"[")) | K62: =IF(ISBLANK(D62),"",BA62) -> -0.050847458 | L62: =IF(ISBLANK(D62),"",IF(F62>0,BF62,BF62)) -> 0.00062636842 | M62: =IF(ISBLANK(D62),"",IF(F62>0,"-",N62/(2^(1/12)-1))) -> 0.015800601 | N62: =IF(ISBLANK(D62),"",IF(F62>0,"-",1.5*L62)) -> 0.00093955264 | O62: =IF(ISBLANK(D62),"",IF(F62>0,AU62,AK62)) -> 667.09711 | P62: =IF(ISBLANK(D62),"",IF(F62>0,AU62*G62,AL62)) -> 2001.2913 | Q62: 0.65 | R62: =IF(ISBLANK(D62),"",AT62*Q62) -> 737.5875 | S62: =IF(ISBLANK(D62),"",AJ62) -> 0.95156542 | T62: =IF(ISBLANK(F62),"",ROUND(S62*10*G62,0)/10/G62) | U62: =IF(F62>0,(AJ62-E62)/2,"") | V62: =IF(F62>0,AN62,"") | W62: =IF(F62>0,IF(U62<Paramètres!$B$5,"!!!",""),"") | X62: =IF(U62<>"",IF(U62/3>=Paramètres!$B$5,(S62-E62)/2/3,""),"") | Y62: =IF(U62<>"",IF(U62/3>=Paramètres!$B$5,AV62,""),"") | Z62: =IF(X62<>"",Y62*2,"") | AC62: =INDEX('Charge de rupture par diamètre'!$C$1:$AC$1,AR62) -> Stephen Paulello France | AD62: =IF(ISBLANK(D62),"-",$A$4/16 * 2^((C62-1)/12)) -> 466.16376 | AE62: =AG62/(AG$9*SQRT(1+$L62*AG$9^2)) -> 466.03681 | AF62: =$AE62*AF$9*SQRT(1+$L62*AF$9^2) -> 933.24053 | AG62: =AF50 -> 466.18274 | AH62: =IF(AND(C62>12,F50="",AD62>$A$4),AH50*2*(1+N50),IF(AD62>=$A$4/2,AD62,AD62)) -> 466.29913 | AI62: =IF(AND(C62>12,F50="",AD62>$A$4),AH50*2*(1+N50),IF(AD62>=$A$4/2,AD62,AH74/2/(1+N62))) -> 466.29913 | AJ62: =IF(Q62>0,((R62*10^12/PI()/A62^2/D62^2-Paramètres!$B$7*E62^2)*4/PI()/Paramètres!$B$8+E62^2)^0.5,"") -> 0.95156542 | AK62: =PI()*Paramètres!$B$7*(E62*A62*D62)^2/10^12 -> 667.09711 | AL62: =AK62*G62 -> 2001.2913 | AM62: =AK62/AT62 -> 0.58788025 | AN62: =(-E62+0.1*Paramètres!$B$7/E62/Paramètres!$B$8/PI()*(AW62^2-E62^2)+(E62^2+3.8*Paramètres!$B$7/Paramètres!$B$8/PI()*(AW62^2-E62^2))^0.5)/2 -> 0.025852912 | AO62: =VLOOKUP(C62,Paramètres!$C$30:$F$37,2,1) -> 0.5 | AP62: =VLOOKUP(C62,Paramètres!$C$30:$F$37,4,1) -> 0.75 | AQ62: =AND(I62>=AO62,I62<=AP62) -> TRUE | AR62: =HLOOKUP(H62,'Charge de rupture par diamètre'!$D$16:$AC$17,2,0) -> 3 | AS62: =VLOOKUP(E62,'Charge de rupture par diamètre'!$C$16:$AC$53,AR62,1) -> 1513 | AT62: =AS62*Paramètres!$B$9 -> 1134.75 | AU62: =PI()*A62^2*D62^2*(Paramètres!$B$7*E62^2+Paramètres!$B$8*PI()/4*(F62^2-E62^2))/10^12 -> 69.074928 | AV62: =0.183*(-E62+(E62^2+4*Paramètres!$B$7/PI()/Paramètres!$B$8*(AW62^2-E62^2))^0.5) -> 0.0094364718 | AW62: =(R62/PI()/Paramètres!$B$7)^0.5/A62/D62*10^6 -> 0.94635646 | AX62: =Q62*VLOOKUP(H62,Paramètres!$B$15:$C$18,2,0)*Paramètres!$B$9 -> #N/A | AY62: =(AX62/PI()/Paramètres!$B$7)^0.5/A62/D62*10^6 -> #N/A | AZ62: =(IF(F62>0,(F62*F62 -E62*E62)/Paramètres!$B$7*Paramètres!$B$8,0)+E62*E62)*D62*G62 -> 952.56 | BA62: =-1+AZ62/AZ61 -> -0.050847458 | BB62: =IF(F62>0,"",0.234*Paramètres!$B$12*10^9*IF(F62>0,E62,E62)^2/Paramètres!$B$7/A62^2/D62^4*10^6) -> 0.00095044271 | BC62: 2 | BD62: =BC62*SQRT(1+L62*BC62^2)-BC62 -> 0.0025039063 | BE62: =IF(F62>0,PI()^2*Paramètres!$B$12*10^9/8/O62*(E62^4+E62^2*F62^2)*10^-12/D62^2/10^-6,"-") -> - | BF62: =IF(ISBLANK(D62),"-",PI()^3*E62^4*Paramètres!$B$12*10^9/64/O62/(D62/1000)^2*10^-12) -> 0.00062636842 | BG62: =(Paramètres!$B$12*10^9)^0.5/Paramètres!$B$7/2/D62*1000 -> 73.028094
A63: =IF(ISBLANK(D63),"-",IF(AND($A$6,$A$4/2<AD63),AG63,AD63)) -> 493.92447 | B63: =IF(ISBLANK(D63),"",VLOOKUP(MOD(C63-Paramètres!$B$54,12)+1,Paramètres!$B$40:$C$52,2)&" "&(TRUNC((C63-Paramètres!$B$54+120)/12)-10+1)) -> Si 3 | C63: =IF(ISBLANK(D63),"",C62+1) -> 51 | D63: 370 | E63: 0.9 | G63: 3 | H63: SP-M | I63: =IF(ISBLANK(D63),"",IF(F63>0,AU63/AT63,AM63)) -> 0.58793442 | J63: =IF(ISBLANK(D63),"",IF(AQ63,"","]"&AO63&" -- "&AP63&"[")) | K63: =IF(ISBLANK(D63),"",BA63) -> -0.056122449 | L63: =IF(ISBLANK(D63),"",IF(F63>0,BF63,BF63)) -> 0.00070300518 | M63: =IF(ISBLANK(D63),"",IF(F63>0,"-",N63/(2^(1/12)-1))) -> 0.017733819 | N63: =IF(ISBLANK(D63),"",IF(F63>0,"-",1.5*L63)) -> 0.0010545078 | O63: =IF(ISBLANK(D63),"",IF(F63>0,AU63,AK63)) -> 667.15858 | P63: =IF(ISBLANK(D63),"",IF(F63>0,AU63*G63,AL63)) -> 2001.4757 | Q63: 0.65 | R63: =IF(ISBLANK(D63),"",AT63*Q63) -> 737.5875 | S63: =IF(ISBLANK(D63),"",AJ63) -> 0.95151705 | T63: =IF(ISBLANK(F63),"",ROUND(S63*10*G63,0)/10/G63) | U63: =IF(F63>0,(AJ63-E63)/2,"") | V63: =IF(F63>0,AN63,"") | W63: =IF(F63>0,IF(U63<Paramètres!$B$5,"!!!",""),"") | X63: =IF(U63<>"",IF(U63/3>=Paramètres!$B$5,(S63-E63)/2/3,""),"") | Y63: =IF(U63<>"",IF(U63/3>=Paramètres!$B$5,AV63,""),"") | Z63: =IF(X63<>"",Y63*2,"") | AC63: =INDEX('Charge de rupture par diamètre'!$C$1:$AC$1,AR63) -> Stephen Paulello France | AD63: =IF(ISBLANK(D63),"-",$A$4/16 * 2^((C63-1)/12)) -> 493.8833 | AE63: =AG63/(AG$9*SQRT(1+$L63*AG$9^2)) -> 493.75094 | AF63: =$AE63*AF$9*SQRT(1+$L63*AF$9^2) -> 988.88935 | AG63: =AF51 -> 493.92447 | AH63: =IF(AND(C63>12,F51="",AD63>$A$4),AH51*2*(1+N51),IF(AD63>=$A$4/2,AD63,AD63)) -> 494.03658 | AI63: =IF(AND(C63>12,F51="",AD63>$A$4),AH51*2*(1+N51),IF(AD63>=$A$4/2,AD63,AH75/2/(1+N63))) -> 494.03658 | AJ63: =IF(Q63>0,((R63*10^12/PI()/A63^2/D63^2-Paramètres!$B$7*E63^2)*4/PI()/Paramètres!$B$8+E63^2)^0.5,"") -> 0.95151705 | AK63: =PI()*Paramètres!$B$7*(E63*A63*D63)^2/10^12 -> 667.15858 | AL63: =AK63*G63 -> 2001.4757 | AM63: =AK63/AT63 -> 0.58793442 | AN63: =(-E63+0.1*Paramètres!$B$7/E63/Paramètres!$B$8/PI()*(AW63^2-E63^2)+(E63^2+3.8*Paramètres!$B$7/Paramètres!$B$8/PI()*(AW63^2-E63^2))^0.5)/2 -> 0.025828599 | AO63: =VLOOKUP(C63,Paramètres!$C$30:$F$37,2,1) -> 0.5 | AP63: =VLOOKUP(C63,Paramètres!$C$30:$F$37,4,1) -> 0.75 | AQ63: =AND(I63>=AO63,I63<=AP63) -> TRUE | AR63: =HLOOKUP(H63,'Charge de rupture par diamètre'!$D$16:$AC$17,2,0) -> 3 | AS63: =VLOOKUP(E63,'Charge de rupture par diamètre'!$C$16:$AC$53,AR63,1) -> 1513 | AT63: =AS63*Paramètres!$B$9 -> 1134.75 | AU63: =PI()*A63^2*D63^2*(Paramètres!$B$7*E63^2+Paramètres!$B$8*PI()/4*(F63^2-E63^2))/10^12 -> 69.081293 | AV63: =0.183*(-E63+(E63^2+4*Paramètres!$B$7/PI()/Paramètres!$B$8*(AW63^2-E63^2))^0.5) -> 0.0094276207 | AW63: =(R63/PI()/Paramètres!$B$7)^0.5/A63/D63*10^6 -> 0.94631287 | AX63: =Q63*VLOOKUP(H63,Paramètres!$B$15:$C$18,2,0)*Paramètres!$B$9 -> #N/A | AY63: =(AX63/PI()/Paramètres!$B$7)^0.5/A63/D63*10^6 -> #N/A | AZ63: =(IF(F63>0,(F63*F63 -E63*E63)/Paramètres!$B$7*Paramètres!$B$8,0)+E63*E63)*D63*G63 -> 899.1 | BA63: =-1+AZ63/AZ62 -> -0.056122449 | BB63: =IF(F63>0,"",0.234*Paramètres!$B$12*10^9*IF(F63>0,E63,E63)^2/Paramètres!$B$7/A63^2/D63^4*10^6) -> 0.0010667303 | BC63: 2 | BD63: =BC63*SQRT(1+L63*BC63^2)-BC63 -> 0.0028100466 | BE63: =IF(F63>0,PI()^2*Paramètres!$B$12*10^9/8/O63*(E63^4+E63^2*F63^2)*10^-12/D63^2/10^-6,"-") -> - | BF63: =IF(ISBLANK(D63),"-",PI()^3*E63^4*Paramètres!$B$12*10^9/64/O63/(D63/1000)^2*10^-12) -> 0.00070300518 | BG63: =(Paramètres!$B$12*10^9)^0.5/Paramètres!$B$7/2/D63*1000 -> 77.370305
A64: =IF(ISBLANK(D64),"-",IF(AND($A$6,$A$4/2<AD64),AG64,AD64)) -> 523.31532 | B64: =IF(ISBLANK(D64),"",VLOOKUP(MOD(C64-Paramètres!$B$54,12)+1,Paramètres!$B$40:$C$52,2)&" "&(TRUNC((C64-Paramètres!$B$54+120)/12)-10+1)) -> Do 4 | C64: =IF(ISBLANK(D64),"",C63+1) -> 52 | D64: 350 | E64: 0.9 | G64: 3 | H64: SP-M | I64: =IF(ISBLANK(D64),"",IF(F64>0,AU64/AT64,AM64)) -> 0.59056452 | J64: =IF(ISBLANK(D64),"",IF(AQ64,"","]"&AO64&" -- "&AP64&"[")) | K64: =IF(ISBLANK(D64),"",BA64) -> -0.054054054 | L64: =IF(ISBLANK(D64),"",IF(F64>0,BF64,BF64)) -> 0.00078214527 | M64: =IF(ISBLANK(D64),"",IF(F64>0,"-",N64/(2^(1/12)-1))) -> 0.019730186 | N64: =IF(ISBLANK(D64),"",IF(F64>0,"-",1.5*L64)) -> 0.0011732179 | O64: =IF(ISBLANK(D64),"",IF(F64>0,AU64,AK64)) -> 670.14309 | P64: =IF(ISBLANK(D64),"",IF(F64>0,AU64*G64,AL64)) -> 2010.4293 | Q64: 0.65 | R64: =IF(ISBLANK(D64),"",AT64*Q64) -> 737.5875 | S64: =IF(ISBLANK(D64),"",AJ64) -> 0.94917642 | T64: =IF(ISBLANK(F64),"",ROUND(S64*10*G64,0)/10/G64) | U64: =IF(F64>0,(AJ64-E64)/2,"") | V64: =IF(F64>0,AN64,"") | W64: =IF(F64>0,IF(U64<Paramètres!$B$5,"!!!",""),"") | X64: =IF(U64<>"",IF(U64/3>=Paramètres!$B$5,(S64-E64)/2/3,""),"") | Y64: =IF(U64<>"",IF(U64/3>=Paramètres!$B$5,AV64,""),"") | Z64: =IF(X64<>"",Y64*2,"") | AC64: =INDEX('Charge de rupture par diamètre'!$C$1:$AC$1,AR64) -> Stephen Paulello France | AD64: =IF(ISBLANK(D64),"-",$A$4/16 * 2^((C64-1)/12)) -> 523.25113 | AE64: =AG64/(AG$9*SQRT(1+$L64*AG$9^2)) -> 523.11079 | AF64: =$AE64*AF$9*SQRT(1+$L64*AF$9^2) -> 1047.8569 | AG64: =AF52 -> 523.31532 | AH64: =IF(AND(C64>12,F52="",AD64>$A$4),AH52*2*(1+N52),IF(AD64>=$A$4/2,AD64,AD64)) -> 523.42224 | AI64: =IF(AND(C64>12,F52="",AD64>$A$4),AH52*2*(1+N52),IF(AD64>=$A$4/2,AD64,AH76/2/(1+N64))) -> 523.42224 | AJ64: =IF(Q64>0,((R64*10^12/PI()/A64^2/D64^2-Paramètres!$B$7*E64^2)*4/PI()/Paramètres!$B$8+E64^2)^0.5,"") -> 0.94917642 | AK64: =PI()*Paramètres!$B$7*(E64*A64*D64)^2/10^12 -> 670.14309 | AL64: =AK64*G64 -> 2010.4293 | AM64: =AK64/AT64 -> 0.59056452 | AN64: =(-E64+0.1*Paramètres!$B$7/E64/Paramètres!$B$8/PI()*(AW64^2-E64^2)+(E64^2+3.8*Paramètres!$B$7/Paramètres!$B$8/PI()*(AW64^2-E64^2))^0.5)/2 -> 0.024652129 | AO64: =VLOOKUP(C64,Paramètres!$C$30:$F$37,2,1) -> 0.5 | AP64: =VLOOKUP(C64,Paramètres!$C$30:$F$37,4,1) -> 0.75 | AQ64: =AND(I64>=AO64,I64<=AP64) -> TRUE | AR64: =HLOOKUP(H64,'Charge de rupture par diamètre'!$D$16:$AC$17,2,0) -> 3 | AS64: =VLOOKUP(E64,'Charge de rupture par diamètre'!$C$16:$AC$53,AR64,1) -> 1513 | AT64: =AS64*Paramètres!$B$9 -> 1134.75 | AU64: =PI()*A64^2*D64^2*(Paramètres!$B$7*E64^2+Paramètres!$B$8*PI()/4*(F64^2-E64^2))/10^12 -> 69.390325 | AV64: =0.183*(-E64+(E64^2+4*Paramètres!$B$7/PI()/Paramètres!$B$8*(AW64^2-E64^2))^0.5) -> 0.0089992843 | AW64: =(R64/PI()/Paramètres!$B$7)^0.5/A64/D64*10^6 -> 0.9442033 | AX64: =Q64*VLOOKUP(H64,Paramètres!$B$15:$C$18,2,0)*Paramètres!$B$9 -> #N/A | AY64: =(AX64/PI()/Paramètres!$B$7)^0.5/A64/D64*10^6 -> #N/A | AZ64: =(IF(F64>0,(F64*F64 -E64*E64)/Paramètres!$B$7*Paramètres!$B$8,0)+E64*E64)*D64*G64 -> 850.5 | BA64: =-1+AZ64/AZ63 -> -0.054054054 | BB64: =IF(F64>0,"",0.234*Paramètres!$B$12*10^9*IF(F64>0,E64,E64)^2/Paramètres!$B$7/A64^2/D64^4*10^6) -> 0.0011868163 | BC64: 2 | BD64: =BC64*SQRT(1+L64*BC64^2)-BC64 -> 0.0031261379 | BE64: =IF(F64>0,PI()^2*Paramètres!$B$12*10^9/8/O64*(E64^4+E64^2*F64^2)*10^-12/D64^2/10^-6,"-") -> - | BF64: =IF(ISBLANK(D64),"-",PI()^3*E64^4*Paramètres!$B$12*10^9/64/O64/(D64/1000)^2*10^-12) -> 0.00078214527 | BG64: =(Paramètres!$B$12*10^9)^0.5/Paramètres!$B$7/2/D64*1000 -> 81.791465
A65: =IF(ISBLANK(D65),"-",IF(AND($A$6,$A$4/2<AD65),AG65,AD65)) -> 554.4436 | B65: =IF(ISBLANK(D65),"",VLOOKUP(MOD(C65-Paramètres!$B$54,12)+1,Paramètres!$B$40:$C$52,2)&" "&(TRUNC((C65-Paramètres!$B$54+120)/12)-10+1)) -> Do# 4 | C65: =IF(ISBLANK(D65),"",C64+1) -> 53 | D65: 329 | E65: 0.9 | G65: 3 | H65: SP-M | I65: =IF(ISBLANK(D65),"",IF(F65>0,AU65/AT65,AM65)) -> 0.58574811 | J65: =IF(ISBLANK(D65),"",IF(AQ65,"","]"&AO65&" -- "&AP65&"[")) | K65: =IF(ISBLANK(D65),"",BA65) -> -0.06 | L65: =IF(ISBLANK(D65),"",IF(F65>0,BF65,BF65)) -> 0.00089245878 | M65: =IF(ISBLANK(D65),"",IF(F65>0,"-",N65/(2^(1/12)-1))) -> 0.022512925 | N65: =IF(ISBLANK(D65),"",IF(F65>0,"-",1.5*L65)) -> 0.0013386882 | O65: =IF(ISBLANK(D65),"",IF(F65>0,AU65,AK65)) -> 664.67767 | P65: =IF(ISBLANK(D65),"",IF(F65>0,AU65*G65,AL65)) -> 1994.033 | Q65: 0.65 | R65: =IF(ISBLANK(D65),"",AT65*Q65) -> 737.5875 | S65: =IF(ISBLANK(D65),"",AJ65) -> 0.95347431 | T65: =IF(ISBLANK(F65),"",ROUND(S65*10*G65,0)/10/G65) | U65: =IF(F65>0,(AJ65-E65)/2,"") | V65: =IF(F65>0,AN65,"") | W65: =IF(F65>0,IF(U65<Paramètres!$B$5,"!!!",""),"") | X65: =IF(U65<>"",IF(U65/3>=Paramètres!$B$5,(S65-E65)/2/3,""),"") | Y65: =IF(U65<>"",IF(U65/3>=Paramètres!$B$5,AV65,""),"") | Z65: =IF(X65<>"",Y65*2,"") | AC65: =INDEX('Charge de rupture par diamètre'!$C$1:$AC$1,AR65) -> Stephen Paulello France | AD65: =IF(ISBLANK(D65),"-",$A$4/16 * 2^((C65-1)/12)) -> 554.36526 | AE65: =AG65/(AG$9*SQRT(1+$L65*AG$9^2)) -> 554.19635 | AF65: =$AE65*AF$9*SQRT(1+$L65*AF$9^2) -> 1110.3693 | AG65: =AF53 -> 554.4436 | AH65: =IF(AND(C65>12,F53="",AD65>$A$4),AH53*2*(1+N53),IF(AD65>=$A$4/2,AD65,AD65)) -> 554.54429 | AI65: =IF(AND(C65>12,F53="",AD65>$A$4),AH53*2*(1+N53),IF(AD65>=$A$4/2,AD65,AH77/2/(1+N65))) -> 554.54429 | AJ65: =IF(Q65>0,((R65*10^12/PI()/A65^2/D65^2-Paramètres!$B$7*E65^2)*4/PI()/Paramètres!$B$8+E65^2)^0.5,"") -> 0.95347431 | AK65: =PI()*Paramètres!$B$7*(E65*A65*D65)^2/10^12 -> 664.67767 | AL65: =AK65*G65 -> 1994.033 | AM65: =AK65/AT65 -> 0.58574811 | AN65: =(-E65+0.1*Paramètres!$B$7/E65/Paramètres!$B$8/PI()*(AW65^2-E65^2)+(E65^2+3.8*Paramètres!$B$7/Paramètres!$B$8/PI()*(AW65^2-E65^2))^0.5)/2 -> 0.026812583 | AO65: =VLOOKUP(C65,Paramètres!$C$30:$F$37,2,1) -> 0.5 | AP65: =VLOOKUP(C65,Paramètres!$C$30:$F$37,4,1) -> 0.75 | AQ65: =AND(I65>=AO65,I65<=AP65) -> TRUE | AR65: =HLOOKUP(H65,'Charge de rupture par diamètre'!$D$16:$AC$17,2,0) -> 3 | AS65: =VLOOKUP(E65,'Charge de rupture par diamètre'!$C$16:$AC$53,AR65,1) -> 1513 | AT65: =AS65*Paramètres!$B$9 -> 1134.75 | AU65: =PI()*A65^2*D65^2*(Paramètres!$B$7*E65^2+Paramètres!$B$8*PI()/4*(F65^2-E65^2))/10^12 -> 68.824406 | AV65: =0.183*(-E65+(E65^2+4*Paramètres!$B$7/PI()/Paramètres!$B$8*(AW65^2-E65^2))^0.5) -> 0.0097857989 | AW65: =(R65/PI()/Paramètres!$B$7)^0.5/A65/D65*10^6 -> 0.94807728 | AX65: =Q65*VLOOKUP(H65,Paramètres!$B$15:$C$18,2,0)*Paramètres!$B$9 -> #N/A | AY65: =(AX65/PI()/Paramètres!$B$7)^0.5/A65/D65*10^6 -> #N/A | AZ65: =(IF(F65>0,(F65*F65 -E65*E65)/Paramètres!$B$7*Paramètres!$B$8,0)+E65*E65)*D65*G65 -> 799.47 | BA65: =-1+AZ65/AZ64 -> -0.06 | BB65: =IF(F65>0,"",0.234*Paramètres!$B$12*10^9*IF(F65>0,E65,E65)^2/Paramètres!$B$7/A65^2/D65^4*10^6) -> 0.0013542045 | BC65: 2 | BD65: =BC65*SQRT(1+L65*BC65^2)-BC65 -> 0.0035666549 | BE65: =IF(F65>0,PI()^2*Paramètres!$B$12*10^9/8/O65*(E65^4+E65^2*F65^2)*10^-12/D65^2/10^-6,"-") -> - | BF65: =IF(ISBLANK(D65),"-",PI()^3*E65^4*Paramètres!$B$12*10^9/64/O65/(D65/1000)^2*10^-12) -> 0.00089245878 | BG65: =(Paramètres!$B$12*10^9)^0.5/Paramètres!$B$7/2/D65*1000 -> 87.012197
A66: =IF(ISBLANK(D66),"-",IF(AND($A$6,$A$4/2<AD66),AG66,AD66)) -> 587.43947 | B66: =IF(ISBLANK(D66),"",VLOOKUP(MOD(C66-Paramètres!$B$54,12)+1,Paramètres!$B$40:$C$52,2)&" "&(TRUNC((C66-Paramètres!$B$54+120)/12)-10+1)) -> Ré 4 | C66: =IF(ISBLANK(D66),"",C65+1) -> 54 | D66: 311 | E66: 0.9 | G66: 3 | H66: SP-M | I66: =IF(ISBLANK(D66),"",IF(F66>0,AU66/AT66,AM66)) -> 0.58755885 | J66: =IF(ISBLANK(D66),"",IF(AQ66,"","]"&AO66&" -- "&AP66&"[")) | K66: =IF(ISBLANK(D66),"",BA66) -> -0.054711246 | L66: =IF(ISBLANK(D66),"",IF(F66>0,BF66,BF66)) -> 0.00099567753 | M66: =IF(ISBLANK(D66),"",IF(F66>0,"-",N66/(2^(1/12)-1))) -> 0.025116693 | N66: =IF(ISBLANK(D66),"",IF(F66>0,"-",1.5*L66)) -> 0.0014935163 | O66: =IF(ISBLANK(D66),"",IF(F66>0,AU66,AK66)) -> 666.73241 | P66: =IF(ISBLANK(D66),"",IF(F66>0,AU66*G66,AL66)) -> 2000.1972 | Q66: 0.65 | R66: =IF(ISBLANK(D66),"",AT66*Q66) -> 737.5875 | S66: =IF(ISBLANK(D66),"",AJ66) -> 0.95185252 | T66: =IF(ISBLANK(F66),"",ROUND(S66*10*G66,0)/10/G66) | U66: =IF(F66>0,(AJ66-E66)/2,"") | V66: =IF(F66>0,AN66,"") | W66: =IF(F66>0,IF(U66<Paramètres!$B$5,"!!!",""),"") | X66: =IF(U66<>"",IF(U66/3>=Paramètres!$B$5,(S66-E66)/2/3,""),"") | Y66: =IF(U66<>"",IF(U66/3>=Paramètres!$B$5,AV66,""),"") | Z66: =IF(X66<>"",Y66*2,"") | AC66: =INDEX('Charge de rupture par diamètre'!$C$1:$AC$1,AR66) -> Stephen Paulello France | AD66: =IF(ISBLANK(D66),"-",$A$4/16 * 2^((C66-1)/12)) -> 587.32954 | AE66: =AG66/(AG$9*SQRT(1+$L66*AG$9^2)) -> 587.14723 | AF66: =$AE66*AF$9*SQRT(1+$L66*AF$9^2) -> 1176.6306 | AG66: =AF54 -> 587.43947 | AH66: =IF(AND(C66>12,F54="",AD66>$A$4),AH54*2*(1+N54),IF(AD66>=$A$4/2,AD66,AD66)) -> 587.53284 | AI66: =IF(AND(C66>12,F54="",AD66>$A$4),AH54*2*(1+N54),IF(AD66>=$A$4/2,AD66,AH78/2/(1+N66))) -> 587.53284 | AJ66: =IF(Q66>0,((R66*10^12/PI()/A66^2/D66^2-Paramètres!$B$7*E66^2)*4/PI()/Paramètres!$B$8+E66^2)^0.5,"") -> 0.95185252 | AK66: =PI()*Paramètres!$B$7*(E66*A66*D66)^2/10^12 -> 666.73241 | AL66: =AK66*G66 -> 2000.1972 | AM66: =AK66/AT66 -> 0.58755885 | AN66: =(-E66+0.1*Paramètres!$B$7/E66/Paramètres!$B$8/PI()*(AW66^2-E66^2)+(E66^2+3.8*Paramètres!$B$7/Paramètres!$B$8/PI()*(AW66^2-E66^2))^0.5)/2 -> 0.025997237 | AO66: =VLOOKUP(C66,Paramètres!$C$30:$F$37,2,1) -> 0.5 | AP66: =VLOOKUP(C66,Paramètres!$C$30:$F$37,4,1) -> 0.75 | AQ66: =AND(I66>=AO66,I66<=AP66) -> TRUE | AR66: =HLOOKUP(H66,'Charge de rupture par diamètre'!$D$16:$AC$17,2,0) -> 3 | AS66: =VLOOKUP(E66,'Charge de rupture par diamètre'!$C$16:$AC$53,AR66,1) -> 1513 | AT66: =AS66*Paramètres!$B$9 -> 1134.75 | AU66: =PI()*A66^2*D66^2*(Paramètres!$B$7*E66^2+Paramètres!$B$8*PI()/4*(F66^2-E66^2))/10^12 -> 69.037165 | AV66: =0.183*(-E66+(E66^2+4*Paramètres!$B$7/PI()/Paramètres!$B$8*(AW66^2-E66^2))^0.5) -> 0.0094890113 | AW66: =(R66/PI()/Paramètres!$B$7)^0.5/A66/D66*10^6 -> 0.94661526 | AX66: =Q66*VLOOKUP(H66,Paramètres!$B$15:$C$18,2,0)*Paramètres!$B$9 -> #N/A | AY66: =(AX66/PI()/Paramètres!$B$7)^0.5/A66/D66*10^6 -> #N/A | AZ66: =(IF(F66>0,(F66*F66 -E66*E66)/Paramètres!$B$7*Paramètres!$B$8,0)+E66*E66)*D66*G66 -> 755.73 | BA66: =-1+AZ66/AZ65 -> -0.054711246 | BB66: =IF(F66>0,"",0.234*Paramètres!$B$12*10^9*IF(F66>0,E66,E66)^2/Paramètres!$B$7/A66^2/D66^4*10^6) -> 0.0015108272 | BC66: 2 | BD66: =BC66*SQRT(1+L66*BC66^2)-BC66 -> 0.0039787525 | BE66: =IF(F66>0,PI()^2*Paramètres!$B$12*10^9/8/O66*(E66^4+E66^2*F66^2)*10^-12/D66^2/10^-6,"-") -> - | BF66: =IF(ISBLANK(D66),"-",PI()^3*E66^4*Paramètres!$B$12*10^9/64/O66/(D66/1000)^2*10^-12) -> 0.00099567753 | BG66: =(Paramètres!$B$12*10^9)^0.5/Paramètres!$B$7/2/D66*1000 -> 92.048273
A67: =IF(ISBLANK(D67),"-",IF(AND($A$6,$A$4/2<AD67),AG67,AD67)) -> 622.39903 | B67: =IF(ISBLANK(D67),"",VLOOKUP(MOD(C67-Paramètres!$B$54,12)+1,Paramètres!$B$40:$C$52,2)&" "&(TRUNC((C67-Paramètres!$B$54+120)/12)-10+1)) -> Ré# 4 | C67: =IF(ISBLANK(D67),"",C66+1) -> 55 | D67: 294 | E67: 0.9 | G67: 3 | H67: SP-M | I67: =IF(ISBLANK(D67),"",IF(F67>0,AU67/AT67,AM67)) -> 0.58943623 | J67: =IF(ISBLANK(D67),"",IF(AQ67,"","]"&AO67&" -- "&AP67&"[")) | K67: =IF(ISBLANK(D67),"",BA67) -> -0.054662379 | L67: =IF(ISBLANK(D67),"",IF(F67>0,BF67,BF67)) -> 0.0011106043 | M67: =IF(ISBLANK(D67),"",IF(F67>0,"-",N67/(2^(1/12)-1))) -> 0.028015806 | N67: =IF(ISBLANK(D67),"",IF(F67>0,"-",1.5*L67)) -> 0.0016659065 | O67: =IF(ISBLANK(D67),"",IF(F67>0,AU67,AK67)) -> 668.86277 | P67: =IF(ISBLANK(D67),"",IF(F67>0,AU67*G67,AL67)) -> 2006.5883 | Q67: 0.65 | R67: =IF(ISBLANK(D67),"",AT67*Q67) -> 737.5875 | S67: =IF(ISBLANK(D67),"",AJ67) -> 0.95017867 | T67: =IF(ISBLANK(F67),"",ROUND(S67*10*G67,0)/10/G67) | U67: =IF(F67>0,(AJ67-E67)/2,"") | V67: =IF(F67>0,AN67,"") | W67: =IF(F67>0,IF(U67<Paramètres!$B$5,"!!!",""),"") | X67: =IF(U67<>"",IF(U67/3>=Paramètres!$B$5,(S67-E67)/2/3,""),"") | Y67: =IF(U67<>"",IF(U67/3>=Paramètres!$B$5,AV67,""),"") | Z67: =IF(X67<>"",Y67*2,"") | AC67: =INDEX('Charge de rupture par diamètre'!$C$1:$AC$1,AR67) -> Stephen Paulello France | AD67: =IF(ISBLANK(D67),"-",$A$4/16 * 2^((C67-1)/12)) -> 622.25397 | AE67: =AG67/(AG$9*SQRT(1+$L67*AG$9^2)) -> 622.0537 | AF67: =$AE67*AF$9*SQRT(1+$L67*AF$9^2) -> 1246.8678 | AG67: =AF55 -> 622.39903 | AH67: =IF(AND(C67>12,F55="",AD67>$A$4),AH55*2*(1+N55),IF(AD67>=$A$4/2,AD67,AD67)) -> 622.48385 | AI67: =IF(AND(C67>12,F55="",AD67>$A$4),AH55*2*(1+N55),IF(AD67>=$A$4/2,AD67,AH79/2/(1+N67))) -> 622.48385 | AJ67: =IF(Q67>0,((R67*10^12/PI()/A67^2/D67^2-Paramètres!$B$7*E67^2)*4/PI()/Paramètres!$B$8+E67^2)^0.5,"") -> 0.95017867 | AK67: =PI()*Paramètres!$B$7*(E67*A67*D67)^2/10^12 -> 668.86277 | AL67: =AK67*G67 -> 2006.5883 | AM67: =AK67/AT67 -> 0.58943623 | AN67: =(-E67+0.1*Paramètres!$B$7/E67/Paramètres!$B$8/PI()*(AW67^2-E67^2)+(E67^2+3.8*Paramètres!$B$7/Paramètres!$B$8/PI()*(AW67^2-E67^2))^0.5)/2 -> 0.025155857 | AO67: =VLOOKUP(C67,Paramètres!$C$30:$F$37,2,1) -> 0.5 | AP67: =VLOOKUP(C67,Paramètres!$C$30:$F$37,4,1) -> 0.75 | AQ67: =AND(I67>=AO67,I67<=AP67) -> TRUE | AR67: =HLOOKUP(H67,'Charge de rupture par diamètre'!$D$16:$AC$17,2,0) -> 3 | AS67: =VLOOKUP(E67,'Charge de rupture par diamètre'!$C$16:$AC$53,AR67,1) -> 1513 | AT67: =AS67*Paramètres!$B$9 -> 1134.75 | AU67: =PI()*A67^2*D67^2*(Paramètres!$B$7*E67^2+Paramètres!$B$8*PI()/4*(F67^2-E67^2))/10^12 -> 69.257754 | AV67: =0.183*(-E67+(E67^2+4*Paramètres!$B$7/PI()/Paramètres!$B$8*(AW67^2-E67^2))^0.5) -> 0.0091826969 | AW67: =(R67/PI()/Paramètres!$B$7)^0.5/A67/D67*10^6 -> 0.94510655 | AX67: =Q67*VLOOKUP(H67,Paramètres!$B$15:$C$18,2,0)*Paramètres!$B$9 -> #N/A | AY67: =(AX67/PI()/Paramètres!$B$7)^0.5/A67/D67*10^6 -> #N/A | AZ67: =(IF(F67>0,(F67*F67 -E67*E67)/Paramètres!$B$7*Paramètres!$B$8,0)+E67*E67)*D67*G67 -> 714.42 | BA67: =-1+AZ67/AZ66 -> -0.054662379 | BB67: =IF(F67>0,"",0.234*Paramètres!$B$12*10^9*IF(F67>0,E67,E67)^2/Paramètres!$B$7/A67^2/D67^4*10^6) -> 0.0016852155 | BC67: 2 | BD67: =BC67*SQRT(1+L67*BC67^2)-BC67 -> 0.0044374946 | BE67: =IF(F67>0,PI()^2*Paramètres!$B$12*10^9/8/O67*(E67^4+E67^2*F67^2)*10^-12/D67^2/10^-6,"-") -> - | BF67: =IF(ISBLANK(D67),"-",PI()^3*E67^4*Paramètres!$B$12*10^9/64/O67/(D67/1000)^2*10^-12) -> 0.0011106043 | BG67: =(Paramètres!$B$12*10^9)^0.5/Paramètres!$B$7/2/D67*1000 -> 97.370792
A68: =IF(ISBLANK(D68),"-",IF(AND($A$6,$A$4/2<AD68),AG68,AD68)) -> 659.44786 | B68: =IF(ISBLANK(D68),"",VLOOKUP(MOD(C68-Paramètres!$B$54,12)+1,Paramètres!$B$40:$C$52,2)&" "&(TRUNC((C68-Paramètres!$B$54+120)/12)-10+1)) -> Mi 4 | C68: =IF(ISBLANK(D68),"",C67+1) -> 56 | D68: 278 | E68: 0.9 | G68: 3 | H68: SP-M | I68: =IF(ISBLANK(D68),"",IF(F68>0,AU68/AT68,AM68)) -> 0.59163639 | J68: =IF(ISBLANK(D68),"",IF(AQ68,"","]"&AO68&" -- "&AP68&"[")) | K68: =IF(ISBLANK(D68),"",BA68) -> -0.054421769 | L68: =IF(ISBLANK(D68),"",IF(F68>0,BF68,BF68)) -> 0.0012375034 | M68: =IF(ISBLANK(D68),"",IF(F68>0,"-",N68/(2^(1/12)-1))) -> 0.031216926 | N68: =IF(ISBLANK(D68),"",IF(F68>0,"-",1.5*L68)) -> 0.001856255 | O68: =IF(ISBLANK(D68),"",IF(F68>0,AU68,AK68)) -> 671.3594 | P68: =IF(ISBLANK(D68),"",IF(F68>0,AU68*G68,AL68)) -> 2014.0782 | Q68: 0.65 | R68: =IF(ISBLANK(D68),"",AT68*Q68) -> 737.5875 | S68: =IF(ISBLANK(D68),"",AJ68) -> 0.94822683 | T68: =IF(ISBLANK(F68),"",ROUND(S68*10*G68,0)/10/G68) | U68: =IF(F68>0,(AJ68-E68)/2,"") | V68: =IF(F68>0,AN68,"") | W68: =IF(F68>0,IF(U68<Paramètres!$B$5,"!!!",""),"") | X68: =IF(U68<>"",IF(U68/3>=Paramètres!$B$5,(S68-E68)/2/3,""),"") | Y68: =IF(U68<>"",IF(U68/3>=Paramètres!$B$5,AV68,""),"") | Z68: =IF(X68<>"",Y68*2,"") | AC68: =INDEX('Charge de rupture par diamètre'!$C$1:$AC$1,AR68) -> Stephen Paulello France | AD68: =IF(ISBLANK(D68),"-",$A$4/16 * 2^((C68-1)/12)) -> 659.25511 | AE68: =AG68/(AG$9*SQRT(1+$L68*AG$9^2)) -> 659.04021 | AF68: =$AE68*AF$9*SQRT(1+$L68*AF$9^2) -> 1321.3386 | AG68: =AF56 -> 659.44786 | AH68: =IF(AND(C68>12,F56="",AD68>$A$4),AH56*2*(1+N56),IF(AD68>=$A$4/2,AD68,AD68)) -> 659.52279 | AI68: =IF(AND(C68>12,F56="",AD68>$A$4),AH56*2*(1+N56),IF(AD68>=$A$4/2,AD68,AH80/2/(1+N68))) -> 659.52279 | AJ68: =IF(Q68>0,((R68*10^12/PI()/A68^2/D68^2-Paramètres!$B$7*E68^2)*4/PI()/Paramètres!$B$8+E68^2)^0.5,"") -> 0.94822683 | AK68: =PI()*Paramètres!$B$7*(E68*A68*D68)^2/10^12 -> 671.3594 | AL68: =AK68*G68 -> 2014.0782 | AM68: =AK68/AT68 -> 0.59163639 | AN68: =(-E68+0.1*Paramètres!$B$7/E68/Paramètres!$B$8/PI()*(AW68^2-E68^2)+(E68^2+3.8*Paramètres!$B$7/Paramètres!$B$8/PI()*(AW68^2-E68^2))^0.5)/2 -> 0.024174921 | AO68: =VLOOKUP(C68,Paramètres!$C$30:$F$37,2,1) -> 0.5 | AP68: =VLOOKUP(C68,Paramètres!$C$30:$F$37,4,1) -> 0.75 | AQ68: =AND(I68>=AO68,I68<=AP68) -> TRUE | AR68: =HLOOKUP(H68,'Charge de rupture par diamètre'!$D$16:$AC$17,2,0) -> 3 | AS68: =VLOOKUP(E68,'Charge de rupture par diamètre'!$C$16:$AC$53,AR68,1) -> 1513 | AT68: =AS68*Paramètres!$B$9 -> 1134.75 | AU68: =PI()*A68^2*D68^2*(Paramètres!$B$7*E68^2+Paramètres!$B$8*PI()/4*(F68^2-E68^2))/10^12 -> 69.516268 | AV68: =0.183*(-E68+(E68^2+4*Paramètres!$B$7/PI()/Paramètres!$B$8*(AW68^2-E68^2))^0.5) -> 0.0088255108 | AW68: =(R68/PI()/Paramètres!$B$7)^0.5/A68/D68*10^6 -> 0.9433476 | AX68: =Q68*VLOOKUP(H68,Paramètres!$B$15:$C$18,2,0)*Paramètres!$B$9 -> #N/A | AY68: =(AX68/PI()/Paramètres!$B$7)^0.5/A68/D68*10^6 -> #N/A | AZ68: =(IF(F68>0,(F68*F68 -E68*E68)/Paramètres!$B$7*Paramètres!$B$8,0)+E68*E68)*D68*G68 -> 675.54 | BA68: =-1+AZ68/AZ67 -> -0.054421769 | BB68: =IF(F68>0,"",0.234*Paramètres!$B$12*10^9*IF(F68>0,E68,E68)^2/Paramètres!$B$7/A68^2/D68^4*10^6) -> 0.0018777703 | BC68: 2 | BD68: =BC68*SQRT(1+L68*BC68^2)-BC68 -> 0.0049439029 | BE68: =IF(F68>0,PI()^2*Paramètres!$B$12*10^9/8/O68*(E68^4+E68^2*F68^2)*10^-12/D68^2/10^-6,"-") -> - | BF68: =IF(ISBLANK(D68),"-",PI()^3*E68^4*Paramètres!$B$12*10^9/64/O68/(D68/1000)^2*10^-12) -> 0.0012375034 | BG68: =(Paramètres!$B$12*10^9)^0.5/Paramètres!$B$7/2/D68*1000 -> 102.97487
A69: =IF(ISBLANK(D69),"-",IF(AND($A$6,$A$4/2<AD69),AG69,AD69)) -> 698.70365 | B69: =IF(ISBLANK(D69),"",VLOOKUP(MOD(C69-Paramètres!$B$54,12)+1,Paramètres!$B$40:$C$52,2)&" "&(TRUNC((C69-Paramètres!$B$54+120)/12)-10+1)) -> Fa 4 | C69: =IF(ISBLANK(D69),"",C68+1) -> 57 | D69: 261 | E69: 0.9 | G69: 3 | H69: SP-M | I69: =IF(ISBLANK(D69),"",IF(F69>0,AU69/AT69,AM69)) -> 0.58542517 | J69: =IF(ISBLANK(D69),"",IF(AQ69,"","]"&AO69&" -- "&AP69&"[")) | K69: =IF(ISBLANK(D69),"",BA69) -> -0.061151079 | L69: =IF(ISBLANK(D69),"",IF(F69>0,BF69,BF69)) -> 0.0014188564 | M69: =IF(ISBLANK(D69),"",IF(F69>0,"-",N69/(2^(1/12)-1))) -> 0.03579169 | N69: =IF(ISBLANK(D69),"",IF(F69>0,"-",1.5*L69)) -> 0.0021282847 | O69: =IF(ISBLANK(D69),"",IF(F69>0,AU69,AK69)) -> 664.31121 | P69: =IF(ISBLANK(D69),"",IF(F69>0,AU69*G69,AL69)) -> 1992.9336 | Q69: 0.65 | R69: =IF(ISBLANK(D69),"",AT69*Q69) -> 737.5875 | S69: =IF(ISBLANK(D69),"",AJ69) -> 0.95376432 | T69: =IF(ISBLANK(F69),"",ROUND(S69*10*G69,0)/10/G69) | U69: =IF(F69>0,(AJ69-E69)/2,"") | V69: =IF(F69>0,AN69,"") | W69: =IF(F69>0,IF(U69<Paramètres!$B$5,"!!!",""),"") | X69: =IF(U69<>"",IF(U69/3>=Paramètres!$B$5,(S69-E69)/2/3,""),"") | Y69: =IF(U69<>"",IF(U69/3>=Paramètres!$B$5,AV69,""),"") | Z69: =IF(X69<>"",Y69*2,"") | AC69: =INDEX('Charge de rupture par diamètre'!$C$1:$AC$1,AR69) -> Stephen Paulello France | AD69: =IF(ISBLANK(D69),"-",$A$4/16 * 2^((C69-1)/12)) -> 698.45646 | AE69: =AG69/(AG$9*SQRT(1+$L69*AG$9^2)) -> 698.20849 | AF69: =$AE69*AF$9*SQRT(1+$L69*AF$9^2) -> 1400.374 | AG69: =AF57 -> 698.70365 | AH69: =IF(AND(C69>12,F57="",AD69>$A$4),AH57*2*(1+N57),IF(AD69>=$A$4/2,AD69,AD69)) -> 698.76721 | AI69: =IF(AND(C69>12,F57="",AD69>$A$4),AH57*2*(1+N57),IF(AD69>=$A$4/2,AD69,AH81/2/(1+N69))) -> 698.76721 | AJ69: =IF(Q69>0,((R69*10^12/PI()/A69^2/D69^2-Paramètres!$B$7*E69^2)*4/PI()/Paramètres!$B$8+E69^2)^0.5,"") -> 0.95376432 | AK69: =PI()*Paramètres!$B$7*(E69*A69*D69)^2/10^12 -> 664.31121 | AL69: =AK69*G69 -> 1992.9336 | AM69: =AK69/AT69 -> 0.58542517 | AN69: =(-E69+0.1*Paramètres!$B$7/E69/Paramètres!$B$8/PI()*(AW69^2-E69^2)+(E69^2+3.8*Paramètres!$B$7/Paramètres!$B$8/PI()*(AW69^2-E69^2))^0.5)/2 -> 0.026958396 | AO69: =VLOOKUP(C69,Paramètres!$C$30:$F$37,2,1) -> 0.5 | AP69: =VLOOKUP(C69,Paramètres!$C$30:$F$37,4,1) -> 0.75 | AQ69: =AND(I69>=AO69,I69<=AP69) -> TRUE | AR69: =HLOOKUP(H69,'Charge de rupture par diamètre'!$D$16:$AC$17,2,0) -> 3 | AS69: =VLOOKUP(E69,'Charge de rupture par diamètre'!$C$16:$AC$53,AR69,1) -> 1513 | AT69: =AS69*Paramètres!$B$9 -> 1134.75 | AU69: =PI()*A69^2*D69^2*(Paramètres!$B$7*E69^2+Paramètres!$B$8*PI()/4*(F69^2-E69^2))/10^12 -> 68.78646 | AV69: =0.183*(-E69+(E69^2+4*Paramètres!$B$7/PI()/Paramètres!$B$8*(AW69^2-E69^2))^0.5) -> 0.0098388702 | AW69: =(R69/PI()/Paramètres!$B$7)^0.5/A69/D69*10^6 -> 0.94833874 | AX69: =Q69*VLOOKUP(H69,Paramètres!$B$15:$C$18,2,0)*Paramètres!$B$9 -> #N/A | AY69: =(AX69/PI()/Paramètres!$B$7)^0.5/A69/D69*10^6 -> #N/A | AZ69: =(IF(F69>0,(F69*F69 -E69*E69)/Paramètres!$B$7*Paramètres!$B$8,0)+E69*E69)*D69*G69 -> 634.23 | BA69: =-1+AZ69/AZ68 -> -0.061151079 | BB69: =IF(F69>0,"",0.234*Paramètres!$B$12*10^9*IF(F69>0,E69,E69)^2/Paramètres!$B$7/A69^2/D69^4*10^6) -> 0.002152953 | BC69: 2 | BD69: =BC69*SQRT(1+L69*BC69^2)-BC69 -> 0.0056673959 | BE69: =IF(F69>0,PI()^2*Paramètres!$B$12*10^9/8/O69*(E69^4+E69^2*F69^2)*10^-12/D69^2/10^-6,"-") -> - | BF69: =IF(ISBLANK(D69),"-",PI()^3*E69^4*Paramètres!$B$12*10^9/64/O69/(D69/1000)^2*10^-12) -> 0.0014188564 | BG69: =(Paramètres!$B$12*10^9)^0.5/Paramètres!$B$7/2/D69*1000 -> 109.68204
A70: =IF(ISBLANK(D70),"-",IF(AND($A$6,$A$4/2<AD70),AG70,AD70)) -> 740.30879 | B70: =IF(ISBLANK(D70),"",VLOOKUP(MOD(C70-Paramètres!$B$54,12)+1,Paramètres!$B$40:$C$52,2)&" "&(TRUNC((C70-Paramètres!$B$54+120)/12)-10+1)) -> Fa# 4 | C70: =IF(ISBLANK(D70),"",C69+1) -> 58 | D70: 250 | E70: 0.9 | G70: 3 | H70: SP-M | I70: =IF(ISBLANK(D70),"",IF(F70>0,AU70/AT70,AM70)) -> 0.60299011 | J70: =IF(ISBLANK(D70),"",IF(AQ70,"","]"&AO70&" -- "&AP70&"[")) | K70: =IF(ISBLANK(D70),"",BA70) -> -0.042145594 | L70: =IF(ISBLANK(D70),"",IF(F70>0,BF70,BF70)) -> 0.0015014147 | M70: =IF(ISBLANK(D70),"",IF(F70>0,"-",N70/(2^(1/12)-1))) -> 0.037874282 | N70: =IF(ISBLANK(D70),"",IF(F70>0,"-",1.5*L70)) -> 0.002252122 | O70: =IF(ISBLANK(D70),"",IF(F70>0,AU70,AK70)) -> 684.24303 | P70: =IF(ISBLANK(D70),"",IF(F70>0,AU70*G70,AL70)) -> 2052.7291 | Q70: 0.65 | R70: =IF(ISBLANK(D70),"",AT70*Q70) -> 737.5875 | S70: =IF(ISBLANK(D70),"",AJ70) -> 0.93831907 | T70: =IF(ISBLANK(F70),"",ROUND(S70*10*G70,0)/10/G70) | U70: =IF(F70>0,(AJ70-E70)/2,"") | V70: =IF(F70>0,AN70,"") | W70: =IF(F70>0,IF(U70<Paramètres!$B$5,"!!!",""),"") | X70: =IF(U70<>"",IF(U70/3>=Paramètres!$B$5,(S70-E70)/2/3,""),"") | Y70: =IF(U70<>"",IF(U70/3>=Paramètres!$B$5,AV70,""),"") | Z70: =IF(X70<>"",Y70*2,"") | AC70: =INDEX('Charge de rupture par diamètre'!$C$1:$AC$1,AR70) -> Stephen Paulello France | AD70: =IF(ISBLANK(D70),"-",$A$4/16 * 2^((C70-1)/12)) -> 739.98885 | AE70: =AG70/(AG$9*SQRT(1+$L70*AG$9^2)) -> 739.75366 | AF70: =$AE70*AF$9*SQRT(1+$L70*AF$9^2) -> 1483.9434 | AG70: =AF58 -> 740.30879 | AH70: =IF(AND(C70>12,F58="",AD70>$A$4),AH58*2*(1+N58),IF(AD70>=$A$4/2,AD70,AD70)) -> 740.35939 | AI70: =IF(AND(C70>12,F58="",AD70>$A$4),AH58*2*(1+N58),IF(AD70>=$A$4/2,AD70,AH82/2/(1+N70))) -> 740.35939 | AJ70: =IF(Q70>0,((R70*10^12/PI()/A70^2/D70^2-Paramètres!$B$7*E70^2)*4/PI()/Paramètres!$B$8+E70^2)^0.5,"") -> 0.93831907 | AK70: =PI()*Paramètres!$B$7*(E70*A70*D70)^2/10^12 -> 684.24303 | AL70: =AK70*G70 -> 2052.7291 | AM70: =AK70/AT70 -> 0.60299011 | AN70: =(-E70+0.1*Paramètres!$B$7/E70/Paramètres!$B$8/PI()*(AW70^2-E70^2)+(E70^2+3.8*Paramètres!$B$7/Paramètres!$B$8/PI()*(AW70^2-E70^2))^0.5)/2 -> 0.019198548 | AO70: =VLOOKUP(C70,Paramètres!$C$30:$F$37,2,1) -> 0.5 | AP70: =VLOOKUP(C70,Paramètres!$C$30:$F$37,4,1) -> 0.75 | AQ70: =AND(I70>=AO70,I70<=AP70) -> TRUE | AR70: =HLOOKUP(H70,'Charge de rupture par diamètre'!$D$16:$AC$17,2,0) -> 3 | AS70: =VLOOKUP(E70,'Charge de rupture par diamètre'!$C$16:$AC$53,AR70,1) -> 1513 | AT70: =AS70*Paramètres!$B$9 -> 1134.75 | AU70: =PI()*A70^2*D70^2*(Paramètres!$B$7*E70^2+Paramètres!$B$8*PI()/4*(F70^2-E70^2))/10^12 -> 70.850311 | AV70: =0.183*(-E70+(E70^2+4*Paramètres!$B$7/PI()/Paramètres!$B$8*(AW70^2-E70^2))^0.5) -> 0.0070123892 | AW70: =(R70/PI()/Paramètres!$B$7)^0.5/A70/D70*10^6 -> 0.93442423 | AX70: =Q70*VLOOKUP(H70,Paramètres!$B$15:$C$18,2,0)*Paramètres!$B$9 -> #N/A | AY70: =(AX70/PI()/Paramètres!$B$7)^0.5/A70/D70*10^6 -> #N/A | AZ70: =(IF(F70>0,(F70*F70 -E70*E70)/Paramètres!$B$7*Paramètres!$B$8,0)+E70*E70)*D70*G70 -> 607.5 | BA70: =-1+AZ70/AZ69 -> -0.042145594 | BB70: =IF(F70>0,"",0.234*Paramètres!$B$12*10^9*IF(F70>0,E70,E70)^2/Paramètres!$B$7/A70^2/D70^4*10^6) -> 0.0022782257 | BC70: 2 | BD70: =BC70*SQRT(1+L70*BC70^2)-BC70 -> 0.0059966686 | BE70: =IF(F70>0,PI()^2*Paramètres!$B$12*10^9/8/O70*(E70^4+E70^2*F70^2)*10^-12/D70^2/10^-6,"-") -> - | BF70: =IF(ISBLANK(D70),"-",PI()^3*E70^4*Paramètres!$B$12*10^9/64/O70/(D70/1000)^2*10^-12) -> 0.0015014147 | BG70: =(Paramètres!$B$12*10^9)^0.5/Paramètres!$B$7/2/D70*1000 -> 114.50805
A71: =IF(ISBLANK(D71),"-",IF(AND($A$6,$A$4/2<AD71),AG71,AD71)) -> 784.52379 | B71: =IF(ISBLANK(D71),"",VLOOKUP(MOD(C71-Paramètres!$B$54,12)+1,Paramètres!$B$40:$C$52,2)&" "&(TRUNC((C71-Paramètres!$B$54+120)/12)-10+1)) -> Sol 4 | C71: =IF(ISBLANK(D71),"",C70+1) -> 59 | D71: 237 | E71: 0.9 | G71: 3 | H71: SP-M | I71: =IF(ISBLANK(D71),"",IF(F71>0,AU71/AT71,AM71)) -> 0.60857385 | J71: =IF(ISBLANK(D71),"",IF(AQ71,"","]"&AO71&" -- "&AP71&"[")) | K71: =IF(ISBLANK(D71),"",BA71) -> -0.052 | L71: =IF(ISBLANK(D71),"",IF(F71>0,BF71,BF71)) -> 0.0016553159 | M71: =IF(ISBLANK(D71),"",IF(F71>0,"-",N71/(2^(1/12)-1))) -> 0.041756553 | N71: =IF(ISBLANK(D71),"",IF(F71>0,"-",1.5*L71)) -> 0.0024829738 | O71: =IF(ISBLANK(D71),"",IF(F71>0,AU71,AK71)) -> 690.57917 | P71: =IF(ISBLANK(D71),"",IF(F71>0,AU71*G71,AL71)) -> 2071.7375 | Q71: 0.65 | R71: =IF(ISBLANK(D71),"",AT71*Q71) -> 737.5875 | S71: =IF(ISBLANK(D71),"",AJ71) -> 0.93354491 | T71: =IF(ISBLANK(F71),"",ROUND(S71*10*G71,0)/10/G71) | U71: =IF(F71>0,(AJ71-E71)/2,"") | V71: =IF(F71>0,AN71,"") | W71: =IF(F71>0,IF(U71<Paramètres!$B$5,"!!!",""),"") | X71: =IF(U71<>"",IF(U71/3>=Paramètres!$B$5,(S71-E71)/2/3,""),"") | Y71: =IF(U71<>"",IF(U71/3>=Paramètres!$B$5,AV71,""),"") | Z71: =IF(X71<>"",Y71*2,"") | AC71: =INDEX('Charge de rupture par diamètre'!$C$1:$AC$1,AR71) -> Stephen Paulello France | AD71: =IF(ISBLANK(D71),"-",$A$4/16 * 2^((C71-1)/12)) -> 783.99087 | AE71: =AG71/(AG$9*SQRT(1+$L71*AG$9^2)) -> 783.87528 | AF71: =$AE71*AF$9*SQRT(1+$L71*AF$9^2) -> 1572.9322 | AG71: =AF59 -> 784.52379 | AH71: =IF(AND(C71>12,F59="",AD71>$A$4),AH59*2*(1+N59),IF(AD71>=$A$4/2,AD71,AD71)) -> 784.55986 | AI71: =IF(AND(C71>12,F59="",AD71>$A$4),AH59*2*(1+N59),IF(AD71>=$A$4/2,AD71,AH83/2/(1+N71))) -> 784.55986 | AJ71: =IF(Q71>0,((R71*10^12/PI()/A71^2/D71^2-Paramètres!$B$7*E71^2)*4/PI()/Paramètres!$B$8+E71^2)^0.5,"") -> 0.93354491 | AK71: =PI()*Paramètres!$B$7*(E71*A71*D71)^2/10^12 -> 690.57917 | AL71: =AK71*G71 -> 2071.7375 | AM71: =AK71/AT71 -> 0.60857385 | AN71: =(-E71+0.1*Paramètres!$B$7/E71/Paramètres!$B$8/PI()*(AW71^2-E71^2)+(E71^2+3.8*Paramètres!$B$7/Paramètres!$B$8/PI()*(AW71^2-E71^2))^0.5)/2 -> 0.01680242 | AO71: =VLOOKUP(C71,Paramètres!$C$30:$F$37,2,1) -> 0.5 | AP71: =VLOOKUP(C71,Paramètres!$C$30:$F$37,4,1) -> 0.75 | AQ71: =AND(I71>=AO71,I71<=AP71) -> TRUE | AR71: =HLOOKUP(H71,'Charge de rupture par diamètre'!$D$16:$AC$17,2,0) -> 3 | AS71: =VLOOKUP(E71,'Charge de rupture par diamètre'!$C$16:$AC$53,AR71,1) -> 1513 | AT71: =AS71*Paramètres!$B$9 -> 1134.75 | AU71: =PI()*A71^2*D71^2*(Paramètres!$B$7*E71^2+Paramètres!$B$8*PI()/4*(F71^2-E71^2))/10^12 -> 71.50639 | AV71: =0.183*(-E71+(E71^2+4*Paramètres!$B$7/PI()/Paramètres!$B$8*(AW71^2-E71^2))^0.5) -> 0.0061387177 | AW71: =(R71/PI()/Paramètres!$B$7)^0.5/A71/D71*10^6 -> 0.93012763 | AX71: =Q71*VLOOKUP(H71,Paramètres!$B$15:$C$18,2,0)*Paramètres!$B$9 -> #N/A | AY71: =(AX71/PI()/Paramètres!$B$7)^0.5/A71/D71*10^6 -> #N/A | AZ71: =(IF(F71>0,(F71*F71 -E71*E71)/Paramètres!$B$7*Paramètres!$B$8,0)+E71*E71)*D71*G71 -> 575.91 | BA71: =-1+AZ71/AZ70 -> -0.052 | BB71: =IF(F71>0,"",0.234*Paramètres!$B$12*10^9*IF(F71>0,E71,E71)^2/Paramètres!$B$7/A71^2/D71^4*10^6) -> 0.0025117532 | BC71: 2 | BD71: =BC71*SQRT(1+L71*BC71^2)-BC71 -> 0.0066103394 | BE71: =IF(F71>0,PI()^2*Paramètres!$B$12*10^9/8/O71*(E71^4+E71^2*F71^2)*10^-12/D71^2/10^-6,"-") -> - | BF71: =IF(ISBLANK(D71),"-",PI()^3*E71^4*Paramètres!$B$12*10^9/64/O71/(D71/1000)^2*10^-12) -> 0.0016553159 | BG71: =(Paramètres!$B$12*10^9)^0.5/Paramètres!$B$7/2/D71*1000 -> 120.78908
A72: =IF(ISBLANK(D72),"-",IF(AND($A$6,$A$4/2<AD72),AG72,AD72)) -> 831.23844 | B72: =IF(ISBLANK(D72),"",VLOOKUP(MOD(C72-Paramètres!$B$54,12)+1,Paramètres!$B$40:$C$52,2)&" "&(TRUNC((C72-Paramètres!$B$54+120)/12)-10+1)) -> Sol# 4 | C72: =IF(ISBLANK(D72),"",C71+1) -> 60 | D72: 224 | E72: 0.9 | G72: 3 | H72: SP-M | I72: =IF(ISBLANK(D72),"",IF(F72>0,AU72/AT72,AM72)) -> 0.61031161 | J72: =IF(ISBLANK(D72),"",IF(AQ72,"","]"&AO72&" -- "&AP72&"[")) | K72: =IF(ISBLANK(D72),"",BA72) -> -0.054852321 | L72: =IF(ISBLANK(D72),"",IF(F72>0,BF72,BF72)) -> 0.0018477499 | M72: =IF(ISBLANK(D72),"",IF(F72>0,"-",N72/(2^(1/12)-1))) -> 0.046610842 | N72: =IF(ISBLANK(D72),"",IF(F72>0,"-",1.5*L72)) -> 0.0027716249 | O72: =IF(ISBLANK(D72),"",IF(F72>0,AU72,AK72)) -> 692.5511 | P72: =IF(ISBLANK(D72),"",IF(F72>0,AU72*G72,AL72)) -> 2077.6533 | Q72: 0.65 | R72: =IF(ISBLANK(D72),"",AT72*Q72) -> 737.5875 | S72: =IF(ISBLANK(D72),"",AJ72) -> 0.93207201 | T72: =IF(ISBLANK(F72),"",ROUND(S72*10*G72,0)/10/G72) | U72: =IF(F72>0,(AJ72-E72)/2,"") | V72: =IF(F72>0,AN72,"") | W72: =IF(F72>0,IF(U72<Paramètres!$B$5,"!!!",""),"") | X72: =IF(U72<>"",IF(U72/3>=Paramètres!$B$5,(S72-E72)/2/3,""),"") | Y72: =IF(U72<>"",IF(U72/3>=Paramètres!$B$5,AV72,""),"") | Z72: =IF(X72<>"",Y72*2,"") | AC72: =INDEX('Charge de rupture par diamètre'!$C$1:$AC$1,AR72) -> Stephen Paulello France | AD72: =IF(ISBLANK(D72),"-",$A$4/16 * 2^((C72-1)/12)) -> 830.6094 | AE72: =AG72/(AG$9*SQRT(1+$L72*AG$9^2)) -> 830.47154 | AF72: =$AE72*AF$9*SQRT(1+$L72*AF$9^2) -> 1667.0698 | AG72: =AF60 -> 831.23844 | AH72: =IF(AND(C72>12,F60="",AD72>$A$4),AH60*2*(1+N60),IF(AD72>=$A$4/2,AD72,AD72)) -> 831.25789 | AI72: =IF(AND(C72>12,F60="",AD72>$A$4),AH60*2*(1+N60),IF(AD72>=$A$4/2,AD72,AH84/2/(1+N72))) -> 831.25789 | AJ72: =IF(Q72>0,((R72*10^12/PI()/A72^2/D72^2-Paramètres!$B$7*E72^2)*4/PI()/Paramètres!$B$8+E72^2)^0.5,"") -> 0.93207201 | AK72: =PI()*Paramètres!$B$7*(E72*A72*D72)^2/10^12 -> 692.5511 | AL72: =AK72*G72 -> 2077.6533 | AM72: =AK72/AT72 -> 0.61031161 | AN72: =(-E72+0.1*Paramètres!$B$7/E72/Paramètres!$B$8/PI()*(AW72^2-E72^2)+(E72^2+3.8*Paramètres!$B$7/Paramètres!$B$8/PI()*(AW72^2-E72^2))^0.5)/2 -> 0.016063417 | AO72: =VLOOKUP(C72,Paramètres!$C$30:$F$37,2,1) -> 0.5 | AP72: =VLOOKUP(C72,Paramètres!$C$30:$F$37,4,1) -> 0.75 | AQ72: =AND(I72>=AO72,I72<=AP72) -> TRUE | AR72: =HLOOKUP(H72,'Charge de rupture par diamètre'!$D$16:$AC$17,2,0) -> 3 | AS72: =VLOOKUP(E72,'Charge de rupture par diamètre'!$C$16:$AC$53,AR72,1) -> 1513 | AT72: =AS72*Paramètres!$B$9 -> 1134.75 | AU72: =PI()*A72^2*D72^2*(Paramètres!$B$7*E72^2+Paramètres!$B$8*PI()/4*(F72^2-E72^2))/10^12 -> 71.710574 | AV72: =0.183*(-E72+(E72^2+4*Paramètres!$B$7/PI()/Paramètres!$B$8*(AW72^2-E72^2))^0.5) -> 0.0058691771 | AW72: =(R72/PI()/Paramètres!$B$7)^0.5/A72/D72*10^6 -> 0.92880249 | AX72: =Q72*VLOOKUP(H72,Paramètres!$B$15:$C$18,2,0)*Paramètres!$B$9 -> #N/A | AY72: =(AX72/PI()/Paramètres!$B$7)^0.5/A72/D72*10^6 -> #N/A | AZ72: =(IF(F72>0,(F72*F72 -E72*E72)/Paramètres!$B$7*Paramètres!$B$8,0)+E72*E72)*D72*G72 -> 544.32 | BA72: =-1+AZ72/AZ71 -> -0.054852321 | BB72: =IF(F72>0,"",0.234*Paramètres!$B$12*10^9*IF(F72>0,E72,E72)^2/Paramètres!$B$7/A72^2/D72^4*10^6) -> 0.00280375 | BC72: 2 | BD72: =BC72*SQRT(1+L72*BC72^2)-BC72 -> 0.0073773932 | BE72: =IF(F72>0,PI()^2*Paramètres!$B$12*10^9/8/O72*(E72^4+E72^2*F72^2)*10^-12/D72^2/10^-6,"-") -> - | BF72: =IF(ISBLANK(D72),"-",PI()^3*E72^4*Paramètres!$B$12*10^9/64/O72/(D72/1000)^2*10^-12) -> 0.0018477499 | BG72: =(Paramètres!$B$12*10^9)^0.5/Paramètres!$B$7/2/D72*1000 -> 127.79916
A73: =IF(ISBLANK(D73),"-",IF(AND($A$6,$A$4/2<AD73),AG73,AD73)) -> 880.75253 | B73: =IF(ISBLANK(D73),"",VLOOKUP(MOD(C73-Paramètres!$B$54,12)+1,Paramètres!$B$40:$C$52,2)&" "&(TRUNC((C73-Paramètres!$B$54+120)/12)-10+1)) -> La 4 | C73: =IF(ISBLANK(D73),"",C72+1) -> 61 | D73: 213 | E73: 0.9 | G73: 3 | H73: SP-M | I73: =IF(ISBLANK(D73),"",IF(F73>0,AU73/AT73,AM73)) -> 0.61954286 | J73: =IF(ISBLANK(D73),"",IF(AQ73,"","]"&AO73&" -- "&AP73&"[")) | K73: =IF(ISBLANK(D73),"",BA73) -> -0.049107143 | L73: =IF(ISBLANK(D73),"",IF(F73>0,BF73,BF73)) -> 0.0020130766 | M73: =IF(ISBLANK(D73),"",IF(F73>0,"-",N73/(2^(1/12)-1))) -> 0.050781327 | N73: =IF(ISBLANK(D73),"",IF(F73>0,"-",1.5*L73)) -> 0.0030196149 | O73: =IF(ISBLANK(D73),"",IF(F73>0,AU73,AK73)) -> 703.02626 | P73: =IF(ISBLANK(D73),"",IF(F73>0,AU73*G73,AL73)) -> 2109.0788 | Q73: 0.65 | R73: =IF(ISBLANK(D73),"",AT73*Q73) -> 737.5875 | S73: =IF(ISBLANK(D73),"",AJ73) -> 0.92434819 | T73: =IF(ISBLANK(F73),"",ROUND(S73*10*G73,0)/10/G73) | U73: =IF(F73>0,(AJ73-E73)/2,"") | V73: =IF(F73>0,AN73,"") | W73: =IF(F73>0,IF(U73<Paramètres!$B$5,"!!!",""),"") | X73: =IF(U73<>"",IF(U73/3>=Paramètres!$B$5,(S73-E73)/2/3,""),"") | Y73: =IF(U73<>"",IF(U73/3>=Paramètres!$B$5,AV73,""),"") | Z73: =IF(X73<>"",Y73*2,"") | AC73: =INDEX('Charge de rupture par diamètre'!$C$1:$AC$1,AR73) -> Stephen Paulello France | AD73: =IF(ISBLANK(D73),"-",$A$4/16 * 2^((C73-1)/12)) -> 880 | AE73: =AG73/(AG$9*SQRT(1+$L73*AG$9^2)) -> 879.86735 | AF73: =$AE73*AF$9*SQRT(1+$L73*AF$9^2) -> 1766.8055 | AG73: =AF61 -> 880.75253 | AH73: =IF(AND(C73>12,F61="",AD73>$A$4),AH61*2*(1+N61),IF(AD73>=$A$4/2,AD73,AD73)) -> 880.75328 | AI73: =IF(AND(C73>12,F61="",AD73>$A$4),AH61*2*(1+N61),IF(AD73>=$A$4/2,AD73,AH85/2/(1+N73))) -> 880.75328 | AJ73: =IF(Q73>0,((R73*10^12/PI()/A73^2/D73^2-Paramètres!$B$7*E73^2)*4/PI()/Paramètres!$B$8+E73^2)^0.5,"") -> 0.92434819 | AK73: =PI()*Paramètres!$B$7*(E73*A73*D73)^2/10^12 -> 703.02626 | AL73: =AK73*G73 -> 2109.0788 | AM73: =AK73/AT73 -> 0.61954286 | AN73: =(-E73+0.1*Paramètres!$B$7/E73/Paramètres!$B$8/PI()*(AW73^2-E73^2)+(E73^2+3.8*Paramètres!$B$7/Paramètres!$B$8/PI()*(AW73^2-E73^2))^0.5)/2 -> 0.012189957 | AO73: =VLOOKUP(C73,Paramètres!$C$30:$F$37,2,1) -> 0.5 | AP73: =VLOOKUP(C73,Paramètres!$C$30:$F$37,4,1) -> 0.75 | AQ73: =AND(I73>=AO73,I73<=AP73) -> TRUE | AR73: =HLOOKUP(H73,'Charge de rupture par diamètre'!$D$16:$AC$17,2,0) -> 3 | AS73: =VLOOKUP(E73,'Charge de rupture par diamètre'!$C$16:$AC$53,AR73,1) -> 1513 | AT73: =AS73*Paramètres!$B$9 -> 1134.75 | AU73: =PI()*A73^2*D73^2*(Paramètres!$B$7*E73^2+Paramètres!$B$8*PI()/4*(F73^2-E73^2))/10^12 -> 72.795231 | AV73: =0.183*(-E73+(E73^2+4*Paramètres!$B$7/PI()/Paramètres!$B$8*(AW73^2-E73^2))^0.5) -> 0.0044557197 | AW73: =(R73/PI()/Paramètres!$B$7)^0.5/A73/D73*10^6 -> 0.9218569 | AX73: =Q73*VLOOKUP(H73,Paramètres!$B$15:$C$18,2,0)*Paramètres!$B$9 -> #N/A | AY73: =(AX73/PI()/Paramètres!$B$7)^0.5/A73/D73*10^6 -> #N/A | AZ73: =(IF(F73>0,(F73*F73 -E73*E73)/Paramètres!$B$7*Paramètres!$B$8,0)+E73*E73)*D73*G73 -> 517.59 | BA73: =-1+AZ73/AZ72 -> -0.049107143 | BB73: =IF(F73>0,"",0.234*Paramètres!$B$12*10^9*IF(F73>0,E73,E73)^2/Paramètres!$B$7/A73^2/D73^4*10^6) -> 0.0030546143 | BC73: 2 | BD73: =BC73*SQRT(1+L73*BC73^2)-BC73 -> 0.0080361613 | BE73: =IF(F73>0,PI()^2*Paramètres!$B$12*10^9/8/O73*(E73^4+E73^2*F73^2)*10^-12/D73^2/10^-6,"-") -> - | BF73: =IF(ISBLANK(D73),"-",PI()^3*E73^4*Paramètres!$B$12*10^9/64/O73/(D73/1000)^2*10^-12) -> 0.0020130766 | BG73: =(Paramètres!$B$12*10^9)^0.5/Paramètres!$B$7/2/D73*1000 -> 134.39912
... A100: =IF(ISBLANK(D100),"-",IF(AND($A$6,$A$4/2<AD100),AG100,AD100)) -> 4269.3757 | B100: =IF(ISBLANK(D100),"",VLOOKUP(MOD(C100-Paramètres!$B$54,12)+1,Paramètres!$B$40:$C$52,2)&" "&(TRUNC((C100-Paramètres!$B$54+120)/12)-10+1)) -> Do 7 | C100: =IF(ISBLANK(D100),"",C99+1) -> 88 | D100: 49 | E100: 0.8 | G100: 3 | H100: SP-M | I100: =IF(ISBLANK(D100),"",IF(F100>0,AU100/AT100,AM100)) -> 0.75491721 | J100: =IF(ISBLANK(D100),"",IF(AQ100,"","]"&AO100&" -- "&AP100&"[")) | K100: =IF(ISBLANK(D100),"",BA100) -> -0.02 | L100: =IF(ISBLANK(D100),"",IF(F100>0,BF100,BF100)) -> 0.02416954 | M100: =IF(ISBLANK(D100),"",IF(F100>0,"-",N100/(2^(1/12)-1))) -> 0.6096943 | N100: =IF(ISBLANK(D100),"",IF(F100>0,"-",1.5*L100)) -> 0.03625431 | O100: =IF(ISBLANK(D100),"",IF(F100>0,AU100,AK100)) -> 690.74925 | P100: =IF(ISBLANK(D100),"",IF(F100>0,AU100*G100,AL100)) -> 2072.2477 | Q100: 0.8 | R100: =IF(ISBLANK(D100),"",AT100*Q100) -> 732 | S100: =IF(ISBLANK(D100),"",AJ100) -> 0.8262171 | T100: =IF(ISBLANK(F100),"",ROUND(S100*10*G100,0)/10/G100) | U100: =IF(F100>0,(AJ100-E100)/2,"") | V100: =IF(F100>0,AN100,"") | W100: =IF(F100>0,IF(U100<Paramètres!$B$5,"!!!",""),"") | X100: =IF(U100<>"",IF(U100/3>=Paramètres!$B$5,(S100-E100)/2/3,""),"") | Y100: =IF(U100<>"",IF(U100/3>=Paramètres!$B$5,AV100,""),"") | Z100: =IF(X100<>"",Y100*2,"") | AC100: =INDEX('Charge de rupture par diamètre'!$C$1:$AC$1,AR100) -> Stephen Paulello France | AD100: =IF(ISBLANK(D100),"-",$A$4/16 * 2^((C100-1)/12)) -> 4186.009 | AE100: =AG100/(AG$9*SQRT(1+$L100*AG$9^2)) -> 4218.6981 | AF100: =$AE100*AF$9*SQRT(1+$L100*AF$9^2) -> 8835.8441 | AG100: =AF88 -> 4269.3757 | AH100: =IF(AND(C100>12,F88="",AD100>$A$4),AH88*2*(1+N88),IF(AD100>=$A$4/2,AD100,AD100)) -> 4271.3889 | AI100: =IF(AND(C100>12,F88="",AD100>$A$4),AH88*2*(1+N88),IF(AD100>=$A$4/2,AD100,AH112/2/(1+N100))) -> 4271.3889 | AJ100: =IF(Q100>0,((R100*10^12/PI()/A100^2/D100^2-Paramètres!$B$7*E100^2)*4/PI()/Paramètres!$B$8+E100^2)^0.5,"") -> 0.8262171 | AK100: =PI()*Paramètres!$B$7*(E100*A100*D100)^2/10^12 -> 690.74925 | AL100: =AK100*G100 -> 2072.2477 | AM100: =AK100/AT100 -> 0.75491721 | AN100: =(-E100+0.1*Paramètres!$B$7/E100/Paramètres!$B$8/PI()*(AW100^2-E100^2)+(E100^2+3.8*Paramètres!$B$7/Paramètres!$B$8/PI()*(AW100^2-E100^2))^0.5)/2 -> 0.013129185 | AO100: =VLOOKUP(C100,Paramètres!$C$30:$F$37,2,1) -> 0.7 | AP100: =VLOOKUP(C100,Paramètres!$C$30:$F$37,4,1) -> 0.82 | AQ100: =AND(I100>=AO100,I100<=AP100) -> TRUE | AR100: =HLOOKUP(H100,'Charge de rupture par diamètre'!$D$16:$AC$17,2,0) -> 3 | AS100: =VLOOKUP(E100,'Charge de rupture par diamètre'!$C$16:$AC$53,AR100,1) -> 1220 | AT100: =AS100*Paramètres!$B$9 -> 915 | AU100: =PI()*A100^2*D100^2*(Paramètres!$B$7*E100^2+Paramètres!$B$8*PI()/4*(F100^2-E100^2))/10^12 -> 71.524001 | AV100: =0.183*(-E100+(E100^2+4*Paramètres!$B$7/PI()/Paramètres!$B$8*(AW100^2-E100^2))^0.5) -> 0.0047977296 | AW100: =(R100/PI()/Paramètres!$B$7)^0.5/A100/D100*10^6 -> 0.82354117 | AX100: =Q100*VLOOKUP(H100,Paramètres!$B$15:$C$18,2,0)*Paramètres!$B$9 -> #N/A | AY100: =(AX100/PI()/Paramètres!$B$7)^0.5/A100/D100*10^6 -> #N/A | AZ100: =(IF(F100>0,(F100*F100 -E100*E100)/Paramètres!$B$7*Paramètres!$B$8,0)+E100*E100)*D100*G100 -> 94.08 | BA100: =-1+AZ100/AZ99 -> -0.02 | BB100: =IF(F100>0,"",0.234*Paramètres!$B$12*10^9*IF(F100>0,E100,E100)^2/Paramètres!$B$7/A100^2/D100^4*10^6) -> 0.036674522 | BC100: 2 | BD100: =BC100*SQRT(1+L100*BC100^2)-BC100 -> 0.094448051 | BE100: =IF(F100>0,PI()^2*Paramètres!$B$12*10^9/8/O100*(E100^4+E100^2*F100^2)*10^-12/D100^2/10^-6,"-") -> - | BF100: =IF(ISBLANK(D100),"-",PI()^3*E100^4*Paramètres!$B$12*10^9/64/O100/(D100/1000)^2*10^-12) -> 0.02416954 | BG100: =(Paramètres!$B$12*10^9)^0.5/Paramètres!$B$7/2/D100*1000 -> 584.22475
A101: =IF(ISBLANK(D101),"-",IF(AND($A$6,$A$4/2<AD101),AG101,AD101)) -> - | B101: =IF(ISBLANK(D101),"-",VLOOKUP(MOD(C101-Paramètres!$B$54,12)+1,Paramètres!$B$40:$C$52,2)&" "&(TRUNC((C101-Paramètres!$B$54+120)/12)-10+1)) -> - | C101: =IF(ISBLANK(D101),"-",C100+1) -> - | I101: =IF(ISBLANK(D101),"",IF(F101>0,AU101/AT101,AM101)) | J101: =IF(ISBLANK(D101),"",IF(AQ101,"","]"&AO101&" -- "&AP101&"[")) | K101: =IF(ISBLANK(D101),"",BA101) | L101: =IF(ISBLANK(D101),"",IF(F101>0,BF101,BF101)) | M101: =IF(ISBLANK(D101),"",IF(F101>0,"-",N101/(2^(1/12)-1))) | N101: =IF(ISBLANK(D101),"",IF(F101>0,"-",1.5*L101)) | O101: =IF(ISBLANK(D101),"",IF(F101>0,AU101,AK101)) | P101: =IF(ISBLANK(D101),"",IF(F101>0,AU101*G101,AL101)) | R101: =IF(ISBLANK(D101),"",AT101*Q101) | S101: =IF(ISBLANK(D101),"",AJ101) | T101: =IF(ISBLANK(F101),"",ROUND(S101*10*G101,0)/10/G101) | U101: =IF(F101>0,(AJ101-E101)/2,"") | V101: =IF(F101>0,AN101,"") | W101: =IF(F101>0,IF(U101<Paramètres!$B$5,"!!!",""),"") | X101: =IF(U101<>"",IF(U101/3>=Paramètres!$B$5,(S101-E101)/2/3,""),"") | Y101: =IF(U101<>"",IF(U101/3>=Paramètres!$B$5,AV101,""),"") | Z101: =IF(X101<>"",Y101*2,"") | AC101: =INDEX('Charge de rupture par diamètre'!$C$1:$AC$1,AR101) -> #N/A | AD101: =IF(ISBLANK(D101),"-",$A$4/16 * 2^((C101-1)/12)) -> - | AE101: =AG101/(AG$9*SQRT(1+$L101*AG$9^2)) -> #VALUE! | AF101: =$AE101*AF$9*SQRT(1+$L101*AF$9^2) -> #VALUE! | AH101: =IF(AND(C101>12,F89="",AD101>$A$4),AH89*2*(1+N89),IF(AD101>=$A$4/2,AD101,AD101)) -> 4532.2013 | AI101: =IF(AND(C101>12,F89="",AD101>$A$4),AH89*2*(1+N89),IF(AD101>=$A$4/2,AD101,AH113/2/(1+N101))) -> 4532.2013 | AJ101: =IF(Q101>0,((R101*10^12/PI()/A101^2/D101^2-Paramètres!$B$7*E101^2)*4/PI()/Paramètres!$B$8+E101^2)^0.5,"") | AK101: =PI()*Paramètres!$B$7*(E101*A101*D101)^2/10^12 -> #VALUE! | AL101: =AK101*G101 -> #VALUE! | AM101: =AK101/AT101 -> #N/A | AN101: =(-E101+0.1*Paramètres!$B$7/E101/Paramètres!$B$8/PI()*(AW101^2-E101^2)+(E101^2+3.8*Paramètres!$B$7/Paramètres!$B$8/PI()*(AW101^2-E101^2))^0.5)/2 -> #DIV/0! | AO101: =VLOOKUP(C101,Paramètres!$C$30:$F$37,2,1) -> #N/A | AP101: =VLOOKUP(C101,Paramètres!$C$30:$F$37,4,1) -> #N/A | AQ101: =AND(I101>=AO101,I101<=AP101) -> #N/A | AR101: =HLOOKUP(H101,'Charge de rupture par diamètre'!$D$16:$AC$17,2,0) -> #N/A | AS101: =VLOOKUP(E101,'Charge de rupture par diamètre'!$C$16:$AC$53,AR101,1) -> #N/A | AT101: =AS101*Paramètres!$B$9 -> #N/A | AU101: =PI()*A101^2*D101^2*(Paramètres!$B$7*E101^2+Paramètres!$B$8*PI()/4*(F101^2-E101^2))/10^12 -> #VALUE! | AV101: =0.183*(-E101+(E101^2+4*Paramètres!$B$7/PI()/Paramètres!$B$8*(AW101^2-E101^2))^0.5) -> #VALUE! | AW101: =(R101/PI()/Paramètres!$B$7)^0.5/A101/D101*10^6 -> #VALUE! | AX101: =Q101*VLOOKUP(H101,Paramètres!$B$15:$C$18,2,0)*Paramètres!$B$9 -> #N/A | AY101: =(AX101/PI()/Paramètres!$B$7)^0.5/A101/D101*10^6 -> #N/A | AZ101: =(IF(F101>0,(F101*F101 -E101*E101)/Paramètres!$B$7*Paramètres!$B$8,0)+E101*E101)*D101*G101 -> 0 | BA101: =-1+AZ101/AZ100 -> -1 | BB101: =IF(F101>0,"",0.234*Paramètres!$B$12*10^9*IF(F101>0,E101,E101)^2/Paramètres!$B$7/A101^2/D101^4*10^6) -> #VALUE! | BC101: 2 | BD101: =BC101*SQRT(1+L101*BC101^2)-BC101 -> #VALUE! | BE101: =IF(F101>0,PI()^2*Paramètres!$B$12*10^9/8/O101*(E101^4+E101^2*F101^2)*10^-12/D101^2/10^-6,"-") -> - | BF101: =IF(ISBLANK(D101),"-",PI()^3*E101^4*Paramètres!$B$12*10^9/64/O101/(D101/1000)^2*10^-12) -> - | BG101: =(Paramètres!$B$12*10^9)^0.5/Paramètres!$B$7/2/D101*1000 -> #DIV/0!
A102: =IF(ISBLANK(D102),"-",IF(AND($A$6,$A$4/2<AD102),AG102,AD102)) -> - | B102: =IF(ISBLANK(D102),"-",VLOOKUP(MOD(C102-Paramètres!$B$54,12)+1,Paramètres!$B$40:$C$52,2)&" "&(TRUNC((C102-Paramètres!$B$54+120)/12)-10+1)) -> - | C102: =IF(ISBLANK(D102),"-",C101+1) -> - | I102: =IF(ISBLANK(D102),"",IF(F102>0,AU102/AT102,AM102)) | J102: =IF(ISBLANK(D102),"",IF(AQ102,"","]"&AO102&" -- "&AP102&"[")) | K102: =IF(ISBLANK(D102),"",BA102) | L102: =IF(ISBLANK(D102),"",IF(F102>0,BF102,BF102)) | M102: =IF(ISBLANK(D102),"",IF(F102>0,"-",N102/(2^(1/12)-1))) | N102: =IF(ISBLANK(D102),"",IF(F102>0,"-",1.5*L102)) | O102: =IF(ISBLANK(D102),"",IF(F102>0,AU102,AK102)) | P102: =IF(ISBLANK(D102),"",IF(F102>0,AU102*G102,AL102)) | R102: =IF(ISBLANK(D102),"",AT102*Q102) | S102: =IF(ISBLANK(D102),"",AJ102) | T102: =IF(ISBLANK(F102),"",ROUND(S102*10*G102,0)/10/G102) | U102: =IF(F102>0,(AJ102-E102)/2,"") | V102: =IF(F102>0,AN102,"") | W102: =IF(F102>0,IF(U102<Paramètres!$B$5,"!!!",""),"") | X102: =IF(U102<>"",IF(U102/3>=Paramètres!$B$5,(S102-E102)/2/3,""),"") | Y102: =IF(U102<>"",IF(U102/3>=Paramètres!$B$5,AV102,""),"") | Z102: =IF(X102<>"",Y102*2,"") | AC102: =INDEX('Charge de rupture par diamètre'!$C$1:$AC$1,AR102) -> #N/A | AD102: =IF(ISBLANK(D102),"-",$A$4/16 * 2^((C102-1)/12)) -> - | AE102: =AG102/(AG$9*SQRT(1+$L102*AG$9^2)) -> #VALUE! | AF102: =$AE102*AF$9*SQRT(1+$L102*AF$9^2) -> #VALUE! | AH102: =IF(AND(C102>12,F90="",AD102>$A$4),AH90*2*(1+N90),IF(AD102>=$A$4/2,AD102,AD102)) -> 4810.4159 | AI102: =IF(AND(C102>12,F90="",AD102>$A$4),AH90*2*(1+N90),IF(AD102>=$A$4/2,AD102,AH114/2/(1+N102))) -> 4810.4159 | AJ102: =IF(Q102>0,((R102*10^12/PI()/A102^2/D102^2-Paramètres!$B$7*E102^2)*4/PI()/Paramètres!$B$8+E102^2)^0.5,"") | AK102: =PI()*Paramètres!$B$7*(E102*A102*D102)^2/10^12 -> #VALUE! | AL102: =AK102*G102 -> #VALUE! | AM102: =AK102/AT102 -> #N/A | AN102: =(-E102+0.1*Paramètres!$B$7/E102/Paramètres!$B$8/PI()*(AW102^2-E102^2)+(E102^2+3.8*Paramètres!$B$7/Paramètres!$B$8/PI()*(AW102^2-E102^2))^0.5)/2 -> #DIV/0! | AO102: =VLOOKUP(C102,Paramètres!$C$30:$F$37,2,1) -> #N/A | AP102: =VLOOKUP(C102,Paramètres!$C$30:$F$37,4,1) -> #N/A | AQ102: =AND(I102>=AO102,I102<=AP102) -> #N/A | AR102: =HLOOKUP(H102,'Charge de rupture par diamètre'!$D$16:$AC$17,2,0) -> #N/A | AS102: =VLOOKUP(E102,'Charge de rupture par diamètre'!$C$16:$AC$53,AR102,1) -> #N/A | AT102: =AS102*Paramètres!$B$9 -> #N/A | AU102: =PI()*A102^2*D102^2*(Paramètres!$B$7*E102^2+Paramètres!$B$8*PI()/4*(F102^2-E102^2))/10^12 -> #VALUE! | AV102: =0.183*(-E102+(E102^2+4*Paramètres!$B$7/PI()/Paramètres!$B$8*(AW102^2-E102^2))^0.5) -> #VALUE! | AW102: =(R102/PI()/Paramètres!$B$7)^0.5/A102/D102*10^6 -> #VALUE! | AX102: =Q102*VLOOKUP(H102,Paramètres!$B$15:$C$18,2,0)*Paramètres!$B$9 -> #N/A | AY102: =(AX102/PI()/Paramètres!$B$7)^0.5/A102/D102*10^6 -> #N/A | AZ102: =(IF(F102>0,(F102*F102 -E102*E102)/Paramètres!$B$7*Paramètres!$B$8,0)+E102*E102)*D102*G102 -> 0 | BA102: =-1+AZ102/AZ101 -> #DIV/0! | BB102: =IF(F102>0,"",0.234*Paramètres!$B$12*10^9*IF(F102>0,E102,E102)^2/Paramètres!$B$7/A102^2/D102^4*10^6) -> #VALUE! | BC102: 2 | BD102: =BC102*SQRT(1+L102*BC102^2)-BC102 -> #VALUE! | BE102: =IF(F102>0,PI()^2*Paramètres!$B$12*10^9/8/O102*(E102^4+E102^2*F102^2)*10^-12/D102^2/10^-6,"-") -> - | BF102: =IF(ISBLANK(D102),"-",PI()^3*E102^4*Paramètres!$B$12*10^9/64/O102/(D102/1000)^2*10^-12) -> - | BG102: =(Paramètres!$B$12*10^9)^0.5/Paramètres!$B$7/2/D102*1000 -> #DIV/0!
A103: =IF(ISBLANK(D103),"-",IF(AND($A$6,$A$4/2<AD103),AG103,AD103)) -> - | B103: =IF(ISBLANK(D103),"-",VLOOKUP(MOD(C103-Paramètres!$B$54,12)+1,Paramètres!$B$40:$C$52,2)&" "&(TRUNC((C103-Paramètres!$B$54+120)/12)-10+1)) -> - | C103: =IF(ISBLANK(D103),"-",C102+1) -> - | I103: =IF(ISBLANK(D103),"",IF(F103>0,AU103/AT103,AM103)) | J103: =IF(ISBLANK(D103),"",IF(AQ103,"","]"&AO103&" -- "&AP103&"[")) | K103: =IF(ISBLANK(D103),"",BA103) | L103: =IF(ISBLANK(D103),"",IF(F103>0,BF103,BF103)) | M103: =IF(ISBLANK(D103),"",IF(F103>0,"-",N103/(2^(1/12)-1))) | N103: =IF(ISBLANK(D103),"",IF(F103>0,"-",1.5*L103)) | O103: =IF(ISBLANK(D103),"",IF(F103>0,AU103,AK103)) | P103: =IF(ISBLANK(D103),"",IF(F103>0,AU103*G103,AL103)) | R103: =IF(ISBLANK(D103),"",AT103*Q103) | S103: =IF(ISBLANK(D103),"",AJ103) | T103: =IF(ISBLANK(F103),"",ROUND(S103*10*G103,0)/10/G103) | U103: =IF(F103>0,(AJ103-E103)/2,"") | V103: =IF(F103>0,AN103,"") | W103: =IF(F103>0,IF(U103<Paramètres!$B$5,"!!!",""),"") | X103: =IF(U103<>"",IF(U103/3>=Paramètres!$B$5,(S103-E103)/2/3,""),"") | Y103: =IF(U103<>"",IF(U103/3>=Paramètres!$B$5,AV103,""),"") | Z103: =IF(X103<>"",Y103*2,"") | AC103: =INDEX('Charge de rupture par diamètre'!$C$1:$AC$1,AR103) -> #N/A | AD103: =IF(ISBLANK(D103),"-",$A$4/16 * 2^((C103-1)/12)) -> - | AE103: =AG103/(AG$9*SQRT(1+$L103*AG$9^2)) -> #VALUE! | AF103: =$AE103*AF$9*SQRT(1+$L103*AF$9^2) -> #VALUE! | AH103: =IF(AND(C103>12,F91="",AD103>$A$4),AH91*2*(1+N91),IF(AD103>=$A$4/2,AD103,AD103)) -> 5112.5812 | AI103: =IF(AND(C103>12,F91="",AD103>$A$4),AH91*2*(1+N91),IF(AD103>=$A$4/2,AD103,AH115/2/(1+N103))) -> 5112.5812 | AJ103: =IF(Q103>0,((R103*10^12/PI()/A103^2/D103^2-Paramètres!$B$7*E103^2)*4/PI()/Paramètres!$B$8+E103^2)^0.5,"") | AK103: =PI()*Paramètres!$B$7*(E103*A103*D103)^2/10^12 -> #VALUE! | AL103: =AK103*G103 -> #VALUE! | AM103: =AK103/AT103 -> #N/A | AN103: =(-E103+0.1*Paramètres!$B$7/E103/Paramètres!$B$8/PI()*(AW103^2-E103^2)+(E103^2+3.8*Paramètres!$B$7/Paramètres!$B$8/PI()*(AW103^2-E103^2))^0.5)/2 -> #DIV/0! | AO103: =VLOOKUP(C103,Paramètres!$C$30:$F$37,2,1) -> #N/A | AP103: =VLOOKUP(C103,Paramètres!$C$30:$F$37,4,1) -> #N/A | AQ103: =AND(I103>=AO103,I103<=AP103) -> #N/A | AR103: =HLOOKUP(H103,'Charge de rupture par diamètre'!$D$16:$AC$17,2,0) -> #N/A | AS103: =VLOOKUP(E103,'Charge de rupture par diamètre'!$C$16:$AC$53,AR103,1) -> #N/A | AT103: =AS103*Paramètres!$B$9 -> #N/A | AU103: =PI()*A103^2*D103^2*(Paramètres!$B$7*E103^2+Paramètres!$B$8*PI()/4*(F103^2-E103^2))/10^12 -> #VALUE! | AV103: =0.183*(-E103+(E103^2+4*Paramètres!$B$7/PI()/Paramètres!$B$8*(AW103^2-E103^2))^0.5) -> #VALUE! | AW103: =(R103/PI()/Paramètres!$B$7)^0.5/A103/D103*10^6 -> #VALUE! | AX103: =Q103*VLOOKUP(H103,Paramètres!$B$15:$C$18,2,0)*Paramètres!$B$9 -> #N/A | AY103: =(AX103/PI()/Paramètres!$B$7)^0.5/A103/D103*10^6 -> #N/A | AZ103: =(IF(F103>0,(F103*F103 -E103*E103)/Paramètres!$B$7*Paramètres!$B$8,0)+E103*E103)*D103*G103 -> 0 | BA103: =-1+AZ103/AZ102 -> #DIV/0! | BB103: =IF(F103>0,"",0.234*Paramètres!$B$12*10^9*IF(F103>0,E103,E103)^2/Paramètres!$B$7/A103^2/D103^4*10^6) -> #VALUE! | BC103: 2 | BD103: =BC103*SQRT(1+L103*BC103^2)-BC103 -> #VALUE! | BE103: =IF(F103>0,PI()^2*Paramètres!$B$12*10^9/8/O103*(E103^4+E103^2*F103^2)*10^-12/D103^2/10^-6,"-") -> - | BF103: =IF(ISBLANK(D103),"-",PI()^3*E103^4*Paramètres!$B$12*10^9/64/O103/(D103/1000)^2*10^-12) -> - | BG103: =(Paramètres!$B$12*10^9)^0.5/Paramètres!$B$7/2/D103*1000 -> #DIV/0!
A104: =IF(ISBLANK(D104),"-",IF(AND($A$6,$A$4/2<AD104),AG104,AD104)) -> - | B104: =IF(ISBLANK(D104),"-",VLOOKUP(MOD(C104-Paramètres!$B$54,12)+1,Paramètres!$B$40:$C$52,2)&" "&(TRUNC((C104-Paramètres!$B$54+120)/12)-10+1)) -> - | C104: =IF(ISBLANK(D104),"-",C103+1) -> - | I104: =IF(ISBLANK(D104),"",IF(F104>0,AU104/AT104,AM104)) | J104: =IF(ISBLANK(D104),"",IF(AQ104,"","]"&AO104&" -- "&AP104&"[")) | K104: =IF(ISBLANK(D104),"",BA104) | L104: =IF(ISBLANK(D104),"",IF(F104>0,BF104,BF104)) | M104: =IF(ISBLANK(D104),"",IF(F104>0,"-",N104/(2^(1/12)-1))) | N104: =IF(ISBLANK(D104),"",IF(F104>0,"-",1.5*L104)) | O104: =IF(ISBLANK(D104),"",IF(F104>0,AU104,AK104)) | P104: =IF(ISBLANK(D104),"",IF(F104>0,AU104*G104,AL104)) | R104: =IF(ISBLANK(D104),"",AT104*Q104) | S104: =IF(ISBLANK(D104),"",AJ104) | T104: =IF(ISBLANK(F104),"",ROUND(S104*10*G104,0)/10/G104) | U104: =IF(F104>0,(AJ104-E104)/2,"") | V104: =IF(F104>0,AN104,"") | W104: =IF(F104>0,IF(U104<Paramètres!$B$5,"!!!",""),"") | X104: =IF(U104<>"",IF(U104/3>=Paramètres!$B$5,(S104-E104)/2/3,""),"") | Y104: =IF(U104<>"",IF(U104/3>=Paramètres!$B$5,AV104,""),"") | Z104: =IF(X104<>"",Y104*2,"") | AC104: =INDEX('Charge de rupture par diamètre'!$C$1:$AC$1,AR104) -> #N/A | AD104: =IF(ISBLANK(D104),"-",$A$4/16 * 2^((C104-1)/12)) -> - | AE104: =AG104/(AG$9*SQRT(1+$L104*AG$9^2)) -> #VALUE! | AF104: =$AE104*AF$9*SQRT(1+$L104*AF$9^2) -> #VALUE! | AH104: =IF(AND(C104>12,F92="",AD104>$A$4),AH92*2*(1+N92),IF(AD104>=$A$4/2,AD104,AD104)) -> 5439.9986 | AI104: =IF(AND(C104>12,F92="",AD104>$A$4),AH92*2*(1+N92),IF(AD104>=$A$4/2,AD104,AH116/2/(1+N104))) -> 5439.9986 | AJ104: =IF(Q104>0,((R104*10^12/PI()/A104^2/D104^2-Paramètres!$B$7*E104^2)*4/PI()/Paramètres!$B$8+E104^2)^0.5,"") | AK104: =PI()*Paramètres!$B$7*(E104*A104*D104)^2/10^12 -> #VALUE! | AL104: =AK104*G104 -> #VALUE! | AM104: =AK104/AT104 -> #N/A | AN104: =(-E104+0.1*Paramètres!$B$7/E104/Paramètres!$B$8/PI()*(AW104^2-E104^2)+(E104^2+3.8*Paramètres!$B$7/Paramètres!$B$8/PI()*(AW104^2-E104^2))^0.5)/2 -> #DIV/0! | AO104: =VLOOKUP(C104,Paramètres!$C$30:$F$37,2,1) -> #N/A | AP104: =VLOOKUP(C104,Paramètres!$C$30:$F$37,4,1) -> #N/A | AQ104: =AND(I104>=AO104,I104<=AP104) -> #N/A | AR104: =HLOOKUP(H104,'Charge de rupture par diamètre'!$D$16:$AC$17,2,0) -> #N/A | AS104: =VLOOKUP(E104,'Charge de rupture par diamètre'!$C$16:$AC$53,AR104,1) -> #N/A | AT104: =AS104*Paramètres!$B$9 -> #N/A | AU104: =PI()*A104^2*D104^2*(Paramètres!$B$7*E104^2+Paramètres!$B$8*PI()/4*(F104^2-E104^2))/10^12 -> #VALUE! | AV104: =0.183*(-E104+(E104^2+4*Paramètres!$B$7/PI()/Paramètres!$B$8*(AW104^2-E104^2))^0.5) -> #VALUE! | AW104: =(R104/PI()/Paramètres!$B$7)^0.5/A104/D104*10^6 -> #VALUE! | AX104: =Q104*VLOOKUP(H104,Paramètres!$B$15:$C$18,2,0)*Paramètres!$B$9 -> #N/A | AY104: =(AX104/PI()/Paramètres!$B$7)^0.5/A104/D104*10^6 -> #N/A | AZ104: =(IF(F104>0,(F104*F104 -E104*E104)/Paramètres!$B$7*Paramètres!$B$8,0)+E104*E104)*D104*G104 -> 0 | BA104: =-1+AZ104/AZ103 -> #DIV/0! | BB104: =IF(F104>0,"",0.234*Paramètres!$B$12*10^9*IF(F104>0,E104,E104)^2/Paramètres!$B$7/A104^2/D104^4*10^6) -> #VALUE! | BC104: 2 | BD104: =BC104*SQRT(1+L104*BC104^2)-BC104 -> #VALUE! | BE104: =IF(F104>0,PI()^2*Paramètres!$B$12*10^9/8/O104*(E104^4+E104^2*F104^2)*10^-12/D104^2/10^-6,"-") -> - | BF104: =IF(ISBLANK(D104),"-",PI()^3*E104^4*Paramètres!$B$12*10^9/64/O104/(D104/1000)^2*10^-12) -> - | BG104: =(Paramètres!$B$12*10^9)^0.5/Paramètres!$B$7/2/D104*1000 -> #DIV/0!
A105: =IF(ISBLANK(D105),"-",IF(AND($A$6,$A$4/2<AD105),AG105,AD105)) -> - | B105: =IF(ISBLANK(D105),"-",VLOOKUP(MOD(C105-Paramètres!$B$54,12)+1,Paramètres!$B$40:$C$52,2)&" "&(TRUNC((C105-Paramètres!$B$54+120)/12)-10+1)) -> - | C105: =IF(ISBLANK(D105),"-",C104+1) -> - | I105: =IF(ISBLANK(D105),"",IF(F105>0,AU105/AT105,AM105)) | J105: =IF(ISBLANK(D105),"",IF(AQ105,"","]"&AO105&" -- "&AP105&"[")) | K105: =IF(ISBLANK(D105),"",BA105) | L105: =IF(ISBLANK(D105),"",IF(F105>0,BF105,BF105)) | M105: =IF(ISBLANK(D105),"",IF(F105>0,"-",N105/(2^(1/12)-1))) | N105: =IF(ISBLANK(D105),"",IF(F105>0,"-",1.5*L105)) | O105: =IF(ISBLANK(D105),"",IF(F105>0,AU105,AK105)) | P105: =IF(ISBLANK(D105),"",IF(F105>0,AU105*G105,AL105)) | R105: =IF(ISBLANK(D105),"",AT105*Q105) | S105: =IF(ISBLANK(D105),"",AJ105) | T105: =IF(ISBLANK(F105),"",ROUND(S105*10*G105,0)/10/G105) | U105: =IF(F105>0,(AJ105-E105)/2,"") | V105: =IF(F105>0,AN105,"") | W105: =IF(F105>0,IF(U105<Paramètres!$B$5,"!!!",""),"") | X105: =IF(U105<>"",IF(U105/3>=Paramètres!$B$5,(S105-E105)/2/3,""),"") | Y105: =IF(U105<>"",IF(U105/3>=Paramètres!$B$5,AV105,""),"") | Z105: =IF(X105<>"",Y105*2,"") | AC105: =INDEX('Charge de rupture par diamètre'!$C$1:$AC$1,AR105) -> #N/A | AD105: =IF(ISBLANK(D105),"-",$A$4/16 * 2^((C105-1)/12)) -> - | AE105: =AG105/(AG$9*SQRT(1+$L105*AG$9^2)) -> #VALUE! | AF105: =$AE105*AF$9*SQRT(1+$L105*AF$9^2) -> #VALUE! | AH105: =IF(AND(C105>12,F93="",AD105>$A$4),AH93*2*(1+N93),IF(AD105>=$A$4/2,AD105,AD105)) -> 5780.5133 | AI105: =IF(AND(C105>12,F93="",AD105>$A$4),AH93*2*(1+N93),IF(AD105>=$A$4/2,AD105,AH117/2/(1+N105))) -> 5780.5133 | AJ105: =IF(Q105>0,((R105*10^12/PI()/A105^2/D105^2-Paramètres!$B$7*E105^2)*4/PI()/Paramètres!$B$8+E105^2)^0.5,"") | AK105: =PI()*Paramètres!$B$7*(E105*A105*D105)^2/10^12 -> #VALUE! | AL105: =AK105*G105 -> #VALUE! | AM105: =AK105/AT105 -> #N/A | AN105: =(-E105+0.1*Paramètres!$B$7/E105/Paramètres!$B$8/PI()*(AW105^2-E105^2)+(E105^2+3.8*Paramètres!$B$7/Paramètres!$B$8/PI()*(AW105^2-E105^2))^0.5)/2 -> #DIV/0! | AO105: =VLOOKUP(C105,Paramètres!$C$30:$F$37,2,1) -> #N/A | AP105: =VLOOKUP(C105,Paramètres!$C$30:$F$37,4,1) -> #N/A | AQ105: =AND(I105>=AO105,I105<=AP105) -> #N/A | AR105: =HLOOKUP(H105,'Charge de rupture par diamètre'!$D$16:$AC$17,2,0) -> #N/A | AS105: =VLOOKUP(E105,'Charge de rupture par diamètre'!$C$16:$AC$53,AR105,1) -> #N/A | AT105: =AS105*Paramètres!$B$9 -> #N/A | AU105: =PI()*A105^2*D105^2*(Paramètres!$B$7*E105^2+Paramètres!$B$8*PI()/4*(F105^2-E105^2))/10^12 -> #VALUE! | AV105: =0.183*(-E105+(E105^2+4*Paramètres!$B$7/PI()/Paramètres!$B$8*(AW105^2-E105^2))^0.5) -> #VALUE! | AW105: =(R105/PI()/Paramètres!$B$7)^0.5/A105/D105*10^6 -> #VALUE! | AX105: =Q105*VLOOKUP(H105,Paramètres!$B$15:$C$18,2,0)*Paramètres!$B$9 -> #N/A | AY105: =(AX105/PI()/Paramètres!$B$7)^0.5/A105/D105*10^6 -> #N/A | AZ105: =(IF(F105>0,(F105*F105 -E105*E105)/Paramètres!$B$7*Paramètres!$B$8,0)+E105*E105)*D105*G105 -> 0 | BA105: =-1+AZ105/AZ104 -> #DIV/0! | BB105: =IF(F105>0,"",0.234*Paramètres!$B$12*10^9*IF(F105>0,E105,E105)^2/Paramètres!$B$7/A105^2/D105^4*10^6) -> #VALUE! | BC105: 2 | BD105: =BC105*SQRT(1+L105*BC105^2)-BC105 -> #VALUE! | BE105: =IF(F105>0,PI()^2*Paramètres!$B$12*10^9/8/O105*(E105^4+E105^2*F105^2)*10^-12/D105^2/10^-6,"-") -> - | BF105: =IF(ISBLANK(D105),"-",PI()^3*E105^4*Paramètres!$B$12*10^9/64/O105/(D105/1000)^2*10^-12) -> - | BG105: =(Paramètres!$B$12*10^9)^0.5/Paramètres!$B$7/2/D105*1000 -> #DIV/0!
A106: =IF(ISBLANK(D106),"-",IF(AND($A$6,$A$4/2<AD106),AG106,AD106)) -> - | B106: =IF(ISBLANK(D106),"-",VLOOKUP(MOD(C106-Paramètres!$B$54,12)+1,Paramètres!$B$40:$C$52,2)&" "&(TRUNC((C106-Paramètres!$B$54+120)/12)-10+1)) -> - | C106: =IF(ISBLANK(D106),"-",C105+1) -> - | I106: =IF(ISBLANK(D106),"",IF(F106>0,AU106/AT106,AM106)) | J106: =IF(ISBLANK(D106),"",IF(AQ106,"","]"&AO106&" -- "&AP106&"[")) | K106: =IF(ISBLANK(D106),"",BA106) | L106: =IF(ISBLANK(D106),"",IF(F106>0,BF106,BF106)) | M106: =IF(ISBLANK(D106),"",IF(F106>0,"-",N106/(2^(1/12)-1))) | N106: =IF(ISBLANK(D106),"",IF(F106>0,"-",1.5*L106)) | O106: =IF(ISBLANK(D106),"",IF(F106>0,AU106,AK106)) | P106: =IF(ISBLANK(D106),"",IF(F106>0,AU106*G106,AL106)) | R106: =IF(ISBLANK(D106),"",AT106*Q106) | S106: =IF(ISBLANK(D106),"",AJ106) | T106: =IF(ISBLANK(F106),"",ROUND(S106*10*G106,0)/10/G106) | U106: =IF(F106>0,(AJ106-E106)/2,"") | V106: =IF(F106>0,AN106,"") | W106: =IF(F106>0,IF(U106<Paramètres!$B$5,"!!!",""),"") | X106: =IF(U106<>"",IF(U106/3>=Paramètres!$B$5,(S106-E106)/2/3,""),"") | Y106: =IF(U106<>"",IF(U106/3>=Paramètres!$B$5,AV106,""),"") | Z106: =IF(X106<>"",Y106*2,"") | AC106: =INDEX('Charge de rupture par diamètre'!$C$1:$AC$1,AR106) -> #N/A | AD106: =IF(ISBLANK(D106),"-",$A$4/16 * 2^((C106-1)/12)) -> - | AE106: =AG106/(AG$9*SQRT(1+$L106*AG$9^2)) -> #VALUE! | AF106: =$AE106*AF$9*SQRT(1+$L106*AF$9^2) -> #VALUE! | AH106: =IF(AND(C106>12,F94="",AD106>$A$4),AH94*2*(1+N94),IF(AD106>=$A$4/2,AD106,AD106)) -> 6147.2118 | AI106: =IF(AND(C106>12,F94="",AD106>$A$4),AH94*2*(1+N94),IF(AD106>=$A$4/2,AD106,AH118/2/(1+N106))) -> 6147.2118 | AJ106: =IF(Q106>0,((R106*10^12/PI()/A106^2/D106^2-Paramètres!$B$7*E106^2)*4/PI()/Paramètres!$B$8+E106^2)^0.5,"") | AK106: =PI()*Paramètres!$B$7*(E106*A106*D106)^2/10^12 -> #VALUE! | AL106: =AK106*G106 -> #VALUE! | AM106: =AK106/AT106 -> #N/A | AN106: =(-E106+0.1*Paramètres!$B$7/E106/Paramètres!$B$8/PI()*(AW106^2-E106^2)+(E106^2+3.8*Paramètres!$B$7/Paramètres!$B$8/PI()*(AW106^2-E106^2))^0.5)/2 -> #DIV/0! | AO106: =VLOOKUP(C106,Paramètres!$C$30:$F$37,2,1) -> #N/A | AP106: =VLOOKUP(C106,Paramètres!$C$30:$F$37,4,1) -> #N/A | AQ106: =AND(I106>=AO106,I106<=AP106) -> #N/A | AR106: =HLOOKUP(H106,'Charge de rupture par diamètre'!$D$16:$AC$17,2,0) -> #N/A | AS106: =VLOOKUP(E106,'Charge de rupture par diamètre'!$C$16:$AC$53,AR106,1) -> #N/A | AT106: =AS106*Paramètres!$B$9 -> #N/A | AU106: =PI()*A106^2*D106^2*(Paramètres!$B$7*E106^2+Paramètres!$B$8*PI()/4*(F106^2-E106^2))/10^12 -> #VALUE! | AV106: =0.183*(-E106+(E106^2+4*Paramètres!$B$7/PI()/Paramètres!$B$8*(AW106^2-E106^2))^0.5) -> #VALUE! | AW106: =(R106/PI()/Paramètres!$B$7)^0.5/A106/D106*10^6 -> #VALUE! | AX106: =Q106*VLOOKUP(H106,Paramètres!$B$15:$C$18,2,0)*Paramètres!$B$9 -> #N/A | AY106: =(AX106/PI()/Paramètres!$B$7)^0.5/A106/D106*10^6 -> #N/A | AZ106: =(IF(F106>0,(F106*F106 -E106*E106)/Paramètres!$B$7*Paramètres!$B$8,0)+E106*E106)*D106*G106 -> 0 | BA106: =-1+AZ106/AZ105 -> #DIV/0! | BB106: =IF(F106>0,"",0.234*Paramètres!$B$12*10^9*IF(F106>0,E106,E106)^2/Paramètres!$B$7/A106^2/D106^4*10^6) -> #VALUE! | BC106: 2 | BD106: =BC106*SQRT(1+L106*BC106^2)-BC106 -> #VALUE! | BE106: =IF(F106>0,PI()^2*Paramètres!$B$12*10^9/8/O106*(E106^4+E106^2*F106^2)*10^-12/D106^2/10^-6,"-") -> - | BF106: =IF(ISBLANK(D106),"-",PI()^3*E106^4*Paramètres!$B$12*10^9/64/O106/(D106/1000)^2*10^-12) -> - | BG106: =(Paramètres!$B$12*10^9)^0.5/Paramètres!$B$7/2/D106*1000 -> #DIV/0!
A107: =IF(ISBLANK(D107),"-",IF(AND($A$6,$A$4/2<AD107),AG107,AD107)) -> - | B107: =IF(ISBLANK(D107),"-",VLOOKUP(MOD(C107-Paramètres!$B$54,12)+1,Paramètres!$B$40:$C$52,2)&" "&(TRUNC((C107-Paramètres!$B$54+120)/12)-10+1)) -> - | C107: =IF(ISBLANK(D107),"-",C106+1) -> - | I107: =IF(ISBLANK(D107),"",IF(F107>0,AU107/AT107,AM107)) | J107: =IF(ISBLANK(D107),"",IF(AQ107,"","]"&AO107&" -- "&AP107&"[")) | K107: =IF(ISBLANK(D107),"",BA107) | L107: =IF(ISBLANK(D107),"",IF(F107>0,BF107,BF107)) | M107: =IF(ISBLANK(D107),"",IF(F107>0,"-",N107/(2^(1/12)-1))) | N107: =IF(ISBLANK(D107),"",IF(F107>0,"-",1.5*L107)) | O107: =IF(ISBLANK(D107),"",IF(F107>0,AU107,AK107)) | P107: =IF(ISBLANK(D107),"",IF(F107>0,AU107*G107,AL107)) | R107: =IF(ISBLANK(D107),"",AT107*Q107) | S107: =IF(ISBLANK(D107),"",AJ107) | T107: =IF(ISBLANK(F107),"",ROUND(S107*10*G107,0)/10/G107) | U107: =IF(F107>0,(AJ107-E107)/2,"") | V107: =IF(F107>0,AN107,"") | W107: =IF(F107>0,IF(U107<Paramètres!$B$5,"!!!",""),"") | X107: =IF(U107<>"",IF(U107/3>=Paramètres!$B$5,(S107-E107)/2/3,""),"") | Y107: =IF(U107<>"",IF(U107/3>=Paramètres!$B$5,AV107,""),"") | Z107: =IF(X107<>"",Y107*2,"") | AC107: =INDEX('Charge de rupture par diamètre'!$C$1:$AC$1,AR107) -> #N/A | AD107: =IF(ISBLANK(D107),"-",$A$4/16 * 2^((C107-1)/12)) -> - | AE107: =AG107/(AG$9*SQRT(1+$L107*AG$9^2)) -> #VALUE! | AF107: =$AE107*AF$9*SQRT(1+$L107*AF$9^2) -> #VALUE! | AH107: =IF(AND(C107>12,F95="",AD107>$A$4),AH95*2*(1+N95),IF(AD107>=$A$4/2,AD107,AD107)) -> 6534.5546 | AI107: =IF(AND(C107>12,F95="",AD107>$A$4),AH95*2*(1+N95),IF(AD107>=$A$4/2,AD107,AH119/2/(1+N107))) -> 6534.5546 | AJ107: =IF(Q107>0,((R107*10^12/PI()/A107^2/D107^2-Paramètres!$B$7*E107^2)*4/PI()/Paramètres!$B$8+E107^2)^0.5,"") | AK107: =PI()*Paramètres!$B$7*(E107*A107*D107)^2/10^12 -> #VALUE! | AL107: =AK107*G107 -> #VALUE! | AM107: =AK107/AT107 -> #N/A | AN107: =(-E107+0.1*Paramètres!$B$7/E107/Paramètres!$B$8/PI()*(AW107^2-E107^2)+(E107^2+3.8*Paramètres!$B$7/Paramètres!$B$8/PI()*(AW107^2-E107^2))^0.5)/2 -> #DIV/0! | AO107: =VLOOKUP(C107,Paramètres!$C$30:$F$37,2,1) -> #N/A | AP107: =VLOOKUP(C107,Paramètres!$C$30:$F$37,4,1) -> #N/A | AQ107: =AND(I107>=AO107,I107<=AP107) -> #N/A | AR107: =HLOOKUP(H107,'Charge de rupture par diamètre'!$D$16:$AC$17,2,0) -> #N/A | AS107: =VLOOKUP(E107,'Charge de rupture par diamètre'!$C$16:$AC$53,AR107,1) -> #N/A | AT107: =AS107*Paramètres!$B$9 -> #N/A | AU107: =PI()*A107^2*D107^2*(Paramètres!$B$7*E107^2+Paramètres!$B$8*PI()/4*(F107^2-E107^2))/10^12 -> #VALUE! | AV107: =0.183*(-E107+(E107^2+4*Paramètres!$B$7/PI()/Paramètres!$B$8*(AW107^2-E107^2))^0.5) -> #VALUE! | AW107: =(R107/PI()/Paramètres!$B$7)^0.5/A107/D107*10^6 -> #VALUE! | AX107: =Q107*VLOOKUP(H107,Paramètres!$B$15:$C$18,2,0)*Paramètres!$B$9 -> #N/A | AY107: =(AX107/PI()/Paramètres!$B$7)^0.5/A107/D107*10^6 -> #N/A | AZ107: =(IF(F107>0,(F107*F107 -E107*E107)/Paramètres!$B$7*Paramètres!$B$8,0)+E107*E107)*D107*G107 -> 0 | BA107: =-1+AZ107/AZ106 -> #DIV/0! | BB107: =IF(F107>0,"",0.234*Paramètres!$B$12*10^9*IF(F107>0,E107,E107)^2/Paramètres!$B$7/A107^2/D107^4*10^6) -> #VALUE! | BC107: 2 | BD107: =BC107*SQRT(1+L107*BC107^2)-BC107 -> #VALUE! | BE107: =IF(F107>0,PI()^2*Paramètres!$B$12*10^9/8/O107*(E107^4+E107^2*F107^2)*10^-12/D107^2/10^-6,"-") -> - | BF107: =IF(ISBLANK(D107),"-",PI()^3*E107^4*Paramètres!$B$12*10^9/64/O107/(D107/1000)^2*10^-12) -> - | BG107: =(Paramètres!$B$12*10^9)^0.5/Paramètres!$B$7/2/D107*1000 -> #DIV/0!
